prediction_timestamp,Time,V1,V2,V3,V4,V5,V6,V7,V8,V9,V10,V11,V12,V13,V14,V15,V16,V17,V18,V19,V20,V21,V22,V23,V24,V25,V26,V27,V28,Amount,prediction,probability
2025-04-24T00:26:37.796398,0.0,0.0,0.0,0.0,0.0,0.0,0.0,0.0,0.0,0.0,1.0,0.0,0.0,0.0,0.0,0.0,0.0,0.0,0.0,0.0,0.0,0.0,0.0,0.0,0.0,0.0,0.0,0.0,0.0,0.0,0,1.0
2025-04-24T00:27:09.026137,0.0,0.0,0.0,0.0,0.0,0.0,0.0,0.0,0.0,0.0,1.0,0.0,0.0,0.0,0.0,0.0,0.0,0.0,0.0,0.0,0.0,0.0,0.0,0.0,0.0,0.0,0.0,0.0,0.0,9000.0,0,1.0
2025-04-24T22:42:19.736271,0.0,0.0,0.0,0.0,0.0,0.0,0.0,0.0,0.0,0.0,0.0,0.0,0.0,0.0,0.0,0.0,0.0,0.0,0.0,0.0,0.0,0.0,0.0,0.0,0.0,0.0,0.0,0.0,0.0,0.0,0,1.0
2025-04-24T22:42:53.017241,0.0,0.0,0.0,0.0,0.0,0.0,0.0,0.0,0.0,0.0,0.0,0.0,0.0,0.0,0.0,0.0,0.0,0.0,0.0,0.0,0.0,0.0,0.0,0.0,0.0,0.0,0.0,0.0,0.0,0.0,0,1.0
2025-04-24T22:48:34.168019,41505.0,-16.5265065691231,8.58497179585822,-18.6498531851945,9.50559351508723,-13.7938185270957,-2.83240429939747,-16.701694296045,7.51734390370987,-8.50705863675898,-14.1101844415457,5.29923634963938,-10.8340064814734,1.67112025332681,-9.37385858364976,0.360805641631617,-9.89924654080666,-19.2362923697613,-8.39855199494575,3.10173536885404,-1.51492343527852,1.19073869481428,-1.12767000902061,-2.3585787697881,0.673461328987237,-1.4136996745882,-0.46276236139933,-2.01857524875161,-1.04280416970881,364.19,1,1.0
2025-04-24T22:48:37.258817,44261.0,0.33981206391426,-2.7437452373292,-0.134069510964111,-1.3857293091396,-1.45141332053475,1.01588659391832,-0.524379056921013,0.224060376080597,0.899746004868937,-0.565011683648515,-0.0876702572804589,0.979426987868997,0.0768828167722893,-0.217883812142159,-0.136829587651677,-2.14289209021685,0.12695606466953,1.75266150752555,0.432546223730087,0.506043885230096,-0.213435843580959,-0.94252502462284,-0.526819174549234,-1.15699189743217,0.311210510185095,-0.7466466791293,0.0409958026777039,0.102037824570113,520.12,0,1.0
2025-04-24T22:48:40.348315,35484.0,1.39959026890982,-0.590701288480912,0.168618940413043,-1.02995032525319,-0.539806452023856,0.0404441131922421,-0.712566691438501,0.0022985938228074,-0.971747092228226,0.756800543994845,0.543827359679997,0.112452967779253,1.07538351998193,-0.245771983192223,0.180482805456521,1.76986004009326,-0.533172248474693,-0.533300338479197,1.19224521937942,0.212877195101415,0.102397692760391,0.16826933872988,-0.166639089920173,-0.81024967952079,0.505083112107574,-0.232340010818481,0.0114086453561191,0.0046341416580672,31.0,0,1.0
2025-04-24T22:48:43.438927,167123.0,-0.43207113598796,1.64789522283229,-1.66936062520264,-0.349504272026618,0.785784725005935,-0.63064671400393,0.276990104486731,0.586024545393355,-0.484715183068174,-1.37664826651817,-1.32833549117357,0.223620680818884,1.13262703780995,-0.550875406818697,0.616567935715225,0.497974163801037,0.502195472328869,0.981342761365518,0.10126396921911,-0.244633312576296,0.358931565613608,0.873663216519477,-0.178641812509582,-0.0171707728114413,-0.207391715007575,-0.157756437394835,-0.237385989488322,0.0019341238860032,1.5,0,1.0
2025-04-24T22:48:46.542902,168473.0,2.01416027604975,-0.137394019617118,-1.015838997077,0.32726895879776,-0.182179328919901,-0.95657056029283,0.043240842712408,-0.160745982848717,0.363241203306138,0.259451902075089,0.942161998783695,0.850037649875283,-0.616165538628619,0.592633856245474,-0.603845391436171,0.0910772462056342,-0.471866655979753,-0.333816385191609,0.404711330070271,-0.255292969598592,-0.23864384423509,-0.616400475330658,0.347044569276681,0.0615611685302417,-0.360195621686188,0.174730014506492,-0.0780434545993313,-0.0705705093379492,0.89,0,1.0
2025-04-24T22:48:49.635054,67878.0,-0.641329678517919,-0.0573038714724775,1.48999832943839,-1.68813094820556,-1.15104267004578,0.259995891228813,-1.39106940693213,-2.33407519715786,1.16864356799078,-2.08407993535079,0.480381323168464,0.473738382363737,-2.19227552032932,0.773941919366093,0.294483675644077,0.406074496090941,-0.541854847712498,1.03144968461293,0.0170758379785041,0.618410694486388,-1.23163402613829,0.257164172341017,-0.371953018281733,-0.0385660840591029,1.39751366250267,-0.665946911670186,0.0310030389738685,0.180356653493136,100.0,0,1.0
2025-04-24T22:48:52.742151,159763.0,2.02395173834979,-0.120139755781178,-1.08691833497069,0.423019142114962,-0.142901392115805,-1.12775195119752,0.178493434677897,-0.303233536467473,0.564509208597162,0.0628307222528285,-0.720047120616004,0.366835116414232,-0.110856961162083,0.319093740433692,0.108359159168302,-0.153633323543943,-0.221312359798561,-0.934141418577591,0.0705527340096393,-0.210864484357965,-0.276174939398341,-0.697708394706193,0.335631347778404,-0.0171963655756412,-0.324903691357964,0.200023172833571,-0.0715660018644001,-0.0582238788399018,16.99,0,1.0
2025-04-24T22:48:55.841758,139631.0,-0.688943614532913,1.29215346473166,-0.56428140547196,-1.45752562554246,2.25833305000776,-0.323270488174229,1.67898445200129,-0.104127880697459,-1.28535074844537,-1.30343470252802,0.282728215739186,-0.402525063260563,-0.548687476302295,-0.504283285953471,-0.685339267620123,0.714828082722564,-0.0926736361784993,0.798952997425288,-0.15008532976064,-0.0371504004460351,-0.0068795271139139,-0.171567514524424,-0.720019495405001,-0.419435298208321,1.21199067419449,0.670915582443936,-0.10398632648441,0.0300841988161163,8.95,0,1.0
2025-04-24T22:48:58.944816,133944.0,2.11936249385643,0.142639230905614,-2.37333727497064,0.541948582967215,0.608418830452744,-1.7755639062195,0.955774503271036,-0.599382906655882,0.0104197943366835,0.295304760720703,-0.936569156088631,-0.452477542608518,-1.34079845182138,1.07745861334885,-0.0995836407878851,-0.815072365988363,0.0184810866674582,-0.639446206584649,-0.0654267165463894,-0.323573148640534,0.264264056934778,0.898265926868227,-0.168062720597538,0.0593111738854827,0.626948963971431,0.729035483693691,-0.129119656593155,-0.0947133483017201,10.0,0,1.0
2025-04-24T22:49:02.057570,58769.0,-5.58425580684684,-4.7324127085262,-0.448451739541876,-0.121442312228179,-0.707411881424769,-0.114375894322543,-1.5546280896592,1.40212557990391,-0.0316931710476022,-0.942358120746689,-2.43950149783411,-0.552312042085715,-0.295587725981411,-0.250246079102062,-1.19773161503525,1.54955268115601,0.933236724007606,-1.23768948744087,0.41683161303068,-1.04690007229382,0.0416507431345933,0.621789023597085,0.223466599719787,-0.770137052985533,0.621182197801093,-0.0287379127911425,0.505194314510737,-1.89832277287378,101.49,0,1.0
2025-04-24T22:49:05.178824,81055.0,-1.59300238745994,0.756802901395956,1.27400242542022,0.244126704484917,0.335044886715454,0.272886373175984,0.38954182867065,0.676943851323046,-0.579538573326383,-0.819436286526441,0.362192736286639,0.43674488296585,-1.14896929378281,0.573126491460206,-1.21521778261522,-0.130036221890487,-0.0869516953533171,-0.116533190797784,-0.373488784929696,-0.293183926522593,0.0316812608187113,-0.0633551487344907,-0.268928152618378,-0.321185986815632,0.681499859942171,-0.390287080087975,-0.195157923715225,-0.0394834873645552,43.5,0,1.0
2025-04-24T22:49:08.282159,149357.0,1.91197896854855,-0.533074382543818,-1.87874385582986,-0.478890631571852,1.77501992739529,3.80786595839706,-1.34929764965774,1.11663712897114,1.32986537703763,-0.666750181746761,0.255345609637706,0.286834765924975,-0.0210130866127598,-1.27779547482382,1.4024212378265,0.712418857506776,0.209889764846993,0.623312341147208,-0.602310663648049,-0.0712100114096034,-0.0155670774794992,0.0103441409456199,0.287962886684688,0.582446157618299,-0.35826395348197,-0.415078547423559,0.0872485489780959,-0.0033216652219874,21.61,0,1.0
2025-04-24T22:49:11.366766,157885.0,1.85600394494833,-1.09198857180893,-1.09452599576508,0.536984316414389,-0.460546864408321,0.257929760240599,-0.548791010118107,-0.0067318584342177,-0.136464831543382,0.953864575021698,-2.00699492880703,-0.609613117944753,-0.204192272236451,0.0363150765498185,0.317903266841066,-1.06335257707425,-0.57955330004991,1.69862339527506,-1.00779835134191,-0.356007437504851,-0.29101238164635,-0.599191844879728,0.0851439804199295,-0.0533491535277418,-0.12722555891233,-0.67490374347964,0.0296650758442623,-0.0061755116305968,156.0,0,1.0
2025-04-24T22:49:14.447012,66315.0,-0.745323972512803,1.37441120959946,-0.240707834002009,0.59274068797294,0.0365718972483223,0.642730593641274,-0.0984139826306608,1.00945746160616,-0.931696776116203,-0.366033657267037,0.0297444386255526,0.405037254342136,-0.127257420914595,1.13458888127508,0.632134920689449,0.237009840850384,-0.258529931906349,0.627753629287174,0.71155708136054,-0.277442763060007,0.226342703927918,0.39016343058581,-0.106835065249745,-1.14965418032328,-0.0792811767853763,-0.25168990922215,-0.280062945359948,-0.118391813264715,42.0,0,1.0
2025-04-24T22:49:17.541109,111116.0,-0.198807028769976,1.20533399173973,-0.113648138399152,-0.246481814843914,0.751389866319795,-0.359110630060506,0.493848935863035,-0.94892171208367,1.57306161373804,-0.625275713095325,-0.448324266368531,-3.34157764969846,0.36571731796652,2.13438284330661,0.308014589365289,-0.519039120455016,0.419601128395675,0.918949414064324,0.396165294035125,-0.213150878456699,0.935082204081013,0.67437842322186,-0.113983250113361,0.394220021441553,-0.384529701226568,-0.44894175098656,0.493216550002118,0.289281861985212,1.0,0,1.0
2025-04-24T22:49:20.641222,153290.0,-3.60820524793331,-1.47114390679952,0.327140290717784,0.149963659734698,3.66691529294331,-2.70136032664306,-1.34050816053608,-0.522986369541048,1.11592902854383,0.769869699236245,0.132040772361737,0.610286431070011,1.03314257933171,-1.93705368203832,0.323443940521852,0.26168876135461,0.369499623036837,-0.414221966818248,-0.313155424835522,-1.54960301370055,-0.746813649771797,-0.0333158799910094,-1.69079155589406,1.24901477514316,-0.608078106438145,0.326580278607282,0.991898813602619,-0.0597858914254316,8.54,0,1.0
2025-04-24T22:49:23.747255,52913.0,0.676854829386595,1.58702920998622,-1.50814698254807,1.44381484435084,1.31678997910859,-1.16034214105187,1.1490491098159,-0.419393132824534,-0.0905654487115674,-0.323058484892761,2.96792089797322,-0.155026280352087,-0.717766109130301,-3.70927517991521,0.731050307180359,0.51012502005825,2.73026213011681,1.46374586218951,-0.578405585881194,0.317927043925405,-0.191418401886823,0.101450781492372,0.058298396578059,-0.135311156556857,-0.604406167389513,-0.452763215770207,0.0464301769729269,-0.383641517870506,0.89,0,1.0
2025-04-24T22:49:26.838516,162837.0,-2.53717200470285,1.69582823461913,1.20491387835534,4.45681873786872,-0.829263780217764,1.47388505129269,-1.18238035722427,1.46768736675988,-1.75016635033685,1.04558242122379,-1.81892445657684,-0.442261233675536,0.609998510914411,0.493008923905482,1.24705822272164,0.872000545145109,0.302669862048927,0.753801698201972,1.20333758558724,-0.283366617650985,0.159692377603942,0.0259400234034391,-0.0482883687239558,0.465337542734086,-0.0158172957663534,0.308850415641848,-0.863546045570082,-0.081702209941894,26.47,0,1.0
2025-04-24T22:49:29.935832,34118.0,1.45344690986636,-0.97468957121653,-0.134962019176378,-1.41854745919332,-1.05775483169266,-0.948851052313166,-0.461141253176149,-0.350839664556262,-2.14914858245184,1.40409969537026,-0.758518716020549,-0.795067669762298,0.83450139699351,-0.169291353644051,0.3688247690272,-0.43371159836019,0.424573887447643,-0.43983818169074,0.200289035729991,-0.175953480714999,-0.556625136766641,-1.39836325127975,0.0895705636069843,-0.177538067340577,0.290734834220234,-0.504810662635696,-0.0007386244578538,0.0257081688744315,76.0,0,1.0
2025-04-24T22:49:33.022344,55575.0,-3.41942263819263,-1.13007559809015,1.60708637375377,2.22997892209851,2.64408903133496,-0.79353772235042,1.08824220975816,-1.00840988415033,-0.933315168258216,1.92198175926539,1.95444539942509,0.388839766922148,0.30147367767299,-0.427868493466856,-0.0292266721907548,-0.0750638320495107,-0.799127079265084,-0.629796480633153,-0.469016593690311,-1.44533223472583,-0.479674205429058,0.524022264453329,0.093685026163671,0.305230152643874,0.653962640390427,0.0228521071220258,-0.955552398442486,-0.0856295445716383,22.7,0,1.0
2025-04-24T22:49:36.124543,136177.0,-0.648080608336634,0.320010667240962,0.112924369536597,-1.53507623836095,-0.191903906352228,-1.20824999691779,0.453343071002776,0.180405209325317,0.389544586499444,-1.24717759433403,-0.799046139693644,0.665320775880669,0.386255012917709,0.251691623507888,0.115986606087476,-0.0280397352121608,-0.17217900407411,-0.892636106140728,0.413833336258297,-0.311779847884293,-0.400652924922427,-1.15091713204847,0.691948829791198,-0.0403084396625185,-0.825938184083519,0.0115304718895435,-0.17629177528485,-0.0715264291172468,45.85,0,1.0
2025-04-24T22:49:39.206293,158143.0,-0.859208409217085,1.85040806482789,-1.3924490120096,-1.41678987585159,1.29056919676573,-1.4338082402189,1.73025342608853,-0.468233040837365,0.287972961174111,0.733837493997741,-1.30317332799936,0.103792129670636,0.612906710133922,0.245689912502047,-0.156256056035131,-0.587315829835348,-0.730114140295641,-0.318632716159664,-0.0003801371240948,0.50212698974955,0.0889729118681683,0.778420539097477,-0.285968885133806,-0.595770539578495,0.0186155791176673,0.14507136948395,0.819699518432137,0.510105713594911,1.0,0,1.0
2025-04-24T22:49:42.295946,171766.0,-3.15102041084826,3.50179215480267,-3.02765788095162,-1.31977014730219,-0.570468530063336,-2.08557769230276,0.223990501801414,1.29673078085683,0.480107502152845,1.09603484093762,-1.40624440063312,0.471207641575935,-0.226160996609274,1.46035166929187,-0.191830913583134,-0.319540100815492,0.192777225429434,-0.316821379809802,-0.373296644302546,0.496461672808419,0.168964977899146,0.679789111352528,0.0522276493528843,-0.0105463071770301,0.200076730871007,0.13638022712021,0.733710756844519,0.50683669135698,7.32,0,1.0
2025-04-24T22:49:45.384566,146635.0,2.01986510995392,0.0128190220959006,-3.29625679026667,0.123737514679634,3.07808581142642,3.03701860202917,0.197002129408919,0.576983714128858,-0.306510349742479,0.383761241330235,0.0049289882632282,0.167599830769737,-0.29663777578863,1.01737454897676,0.605095981303414,-0.481817705387591,-0.523066936742453,-0.537876531998457,-0.514568832482619,-0.17000841336817,0.130598857301173,0.32916240706831,0.0089391385589328,0.701734252443241,0.502910214344634,-0.465525228099077,-0.0166334276856917,-0.0666251531396162,24.0,0,1.0
2025-04-24T22:49:48.490667,39394.0,-2.15194077580708,-2.37881613891101,1.90495680078977,-2.28725441084633,-0.330618061812507,-0.971105823955703,-0.0675329942969337,0.251995371558886,2.39183867767819,-2.68120301891966,-0.595415626257862,0.892895707602377,-0.722105786878619,-0.478066688809585,0.0076631486800519,-1.57813475373745,0.579596726900423,-0.0704249996247749,0.180005028655727,0.766973564941445,0.53513834256001,1.07496869645939,0.527075561266023,0.437871779481721,0.617101504824635,-0.671833273286535,0.0394271049718904,0.152309384231493,281.94,0,1.0
2025-04-24T22:49:51.580617,144267.0,1.78689611103575,-1.05320362894306,0.169413868893833,0.716106483606973,-0.991835408365588,0.798243992307792,-1.18135025551002,0.232048296833091,2.03723903556643,-0.241771672912241,-2.20390834914824,0.763546426191172,1.21925563865995,-1.18293858023734,-0.510078186892513,0.511919114095199,-0.709214024162863,0.392406339655374,0.190881629544124,0.086118536207392,0.143343191197677,0.654279776151611,-0.0334525804087005,-0.913443903390888,-0.269994492546304,0.444474794810364,0.0344640151154491,-0.0219997016415257,109.0,0,1.0
2025-04-24T22:49:54.685336,63920.0,0.908419351962878,-0.386283289620363,1.21392789827716,1.35097275120403,-0.952295590578113,0.428767789869148,-0.683379125738284,0.366450331487321,0.554729814828395,0.0310773608081202,1.2494651797494,0.735581709755577,-0.857612211319145,0.158028638453367,0.219704666580504,0.17813329932677,-0.270194512304088,0.299369228836155,-0.651227365497798,-0.0483360786073446,0.256092376191468,0.685490494904395,-0.107668187530392,0.234551355924241,0.318233919922841,-0.249040804378881,0.0599422542018074,0.0368808610520118,87.0,0,1.0
2025-04-24T22:49:57.775003,18489.0,-1.54440864377638,0.192998119055365,0.671990308837779,-0.625734129400761,1.95360595763455,0.231276463011413,-0.0179187826015197,0.125894052974407,1.19820985007657,-0.72231090315345,0.789475167159924,-3.03500228552701,0.568385999272622,1.28770931534409,-0.461988980973155,1.1322216494998,-0.133575724265785,0.776281395541221,-0.426961078179959,-0.581439448776371,-0.444281218779702,-1.0507581677914,-0.410622242749855,-1.82698963637671,-0.344208463747766,-0.0564077762647356,-0.249605216888228,0.19100524327281,21.99,0,0.99
2025-04-24T22:50:00.882973,49848.0,1.1045742913735,-0.540129805504735,1.12789709910725,0.0190387279943565,-1.08371172120252,0.308093538033765,-0.917052209976205,0.377067270281158,0.969331370033276,-0.2424969952554,1.11283817302201,0.731944625393523,-0.971918596811144,-0.0343810039959021,-0.0485601709230097,0.111454142098519,0.0068963351865644,-0.226343339674332,0.165711135080708,-0.117943370612785,-0.0415998893508193,-0.003196998185547,0.0765066214276988,0.0688501286782317,-0.0274177480098639,1.00457107729711,-0.0300091052238254,0.0030227942452607,21.95,0,1.0
2025-04-24T22:50:03.984502,80768.0,-0.593355931696617,-0.122422434565888,0.656265181361477,0.642976029096935,1.97444056674972,4.6323486650344,-0.36683367989575,1.21916216968858,0.412183890944997,-0.540724435859512,-1.22029498518991,0.292568829220878,-0.376230198508498,-0.608939704413452,-1.44118664311959,-1.00177614494912,0.367732010819436,-0.102981420640138,2.0116523821524,0.369583425115721,-0.313234841104059,-0.817224698218217,0.171308283171533,0.991889636511892,-0.115857047604009,-0.454441156106253,0.185235191232211,0.162494370129469,93.95,0,1.0
2025-04-24T22:50:07.084664,42272.0,0.925523141143251,-0.687955927303698,1.01505686831191,-0.0594203378911284,-0.339518933008179,1.98513034375332,-1.03380915496956,0.776725040063563,0.885370731566358,-0.495627569221649,1.90733103448981,1.7795569295774,0.0824482663493648,-0.283834335528113,0.060322240842396,-1.19851665939652,1.08366521781284,-2.11452507921456,-0.806531282575686,-0.127516315449894,-0.0418524526460217,0.202476678591791,0.165827747369033,-0.935727835036078,-0.210463668917156,1.0500138694743,0.0301604576134982,-0.0050106493397501,37.73,0,1.0
2025-04-24T22:50:10.178176,95462.0,-4.37206751566026,2.71073493514369,0.122813077099017,-1.48204960954965,0.812320937846772,-1.51481784156506,0.726421784890883,-0.364423636276652,3.78736654902431,3.23766037775144,0.407354886616551,-2.69282038254693,0.991522769262633,0.451710402451355,-0.853174937377127,-0.316181206225217,0.074599039086597,-0.85811642180922,-1.00751940138834,1.04850635028753,-1.11394518713872,-1.38536758861016,-0.63006203613528,-0.08933359407888,1.1515140055927,0.256206134052668,1.41480632809305,0.766586182972502,1.79,0,1.0
2025-04-24T22:50:13.261462,141655.0,-29.9429722707079,-25.8317821051362,-16.2275119291273,6.69067916957251,-20.7878458115363,13.0856943709389,17.2566228959585,-9.16174621113856,5.00304130464362,-2.4314663912742,1.75998939335631,1.86143271752851,3.05338368623288,-1.40963974297515,3.68027152852471,4.53127503027372,0.220011232666237,-1.60453617589942,3.14031061569242,-21.3871219290332,-2.49469918146669,-0.660297208514391,-8.53781580651041,0.40080447201294,-0.643022787031134,0.496902845831269,6.26770908866261,-2.76507000175876,3502.11,0,0.99
2025-04-24T22:50:16.339657,43985.0,-1.68216924963854,0.341438906659699,1.28737702540164,-1.00004687030909,-0.929608642597442,0.0375111788426819,0.321687167735298,0.25496747346322,1.77882907559642,0.140253360626988,-0.976074688627517,-0.206511459578096,-1.3371071815639,-0.738005967490258,-0.648063061039101,-0.155384532771182,0.0650057650151857,-0.920265186681406,-0.720251087373259,0.033008475713533,-0.284681321970278,-0.0749960172573759,0.356683849981837,0.10513325782853,-0.773269304934704,0.703220607564995,0.576198910443957,0.599467638155061,101.19,0,1.0
2025-04-24T22:50:19.440611,73196.0,1.18363363819141,-0.171203234110463,0.367941322958786,-0.0355285628850033,-0.573814485394707,-0.552489601765083,-0.20143426991529,0.0378716449156326,0.186673114519366,-0.0062079581656442,1.02467789651909,0.277768182227018,-1.00802528747503,0.6222594623922,0.620069304037534,0.712372263277119,-0.666821340375858,0.12212058011204,0.498761653670514,-0.0512788502809984,-0.285406696141746,-1.01959342716921,0.129175515117199,-0.0126727292160106,-0.0013854968613236,0.477322362038136,-0.0774707857726566,0.0051786628467912,40.0,0,1.0
2025-04-24T22:50:22.520854,135851.0,2.01422519497794,-0.0679522819447945,-1.21250737660561,0.253798781655297,0.141839625352162,-0.707287101446508,0.164630131504078,-0.194787801353458,0.450414949964514,0.0543444171954193,0.728915772712281,1.34459819370077,0.3784602781484,0.443999610742939,-0.549075803511273,-0.0749015217964571,-0.692449955417495,-0.110358543744028,0.585393486437077,-0.192169189578574,-0.217009748377758,-0.49271076893558,0.231280266508562,-0.358533786620935,-0.0917189060554592,-0.585464586303619,-0.01321907875701,-0.0607679021381977,9.99,0,1.0
2025-04-24T22:50:25.624097,154924.0,1.79571345240629,-0.0003413201198765,-1.87752894075218,1.6123807321617,0.241031193229648,-1.25234563711893,0.551404770165043,-0.287910612621772,0.445553381317532,-0.257610239398691,-0.746622163662114,-0.709372749583683,-1.76526569285959,-0.415174501558701,0.211646324611844,0.0875413115376221,0.742691979452918,0.0994726605532221,-0.493687723421805,-0.137386144891951,-0.131238596770671,-0.527848383216105,0.0779050855821848,-0.193271865210511,0.046268699145195,-0.73692335156615,-0.0150905506168792,-0.0085954999237084,113.94,0,1.0
2025-04-24T22:50:28.709790,130672.0,1.95538750064663,-0.0557385278504229,-1.54637591378545,0.979366729464768,0.533656310393013,-0.108332199177581,0.107600721959565,-0.0277845459356513,0.122445391462256,0.500365364243542,0.428302889979351,0.247856788004827,-0.839343739223424,0.848463051218357,0.0443415457187248,0.286058586884901,-0.928984581698514,0.677164280811006,-0.243883804293072,-0.212935413418481,0.292893003691355,0.800779215622982,-0.0424014695949017,0.275646675997679,0.303528449895033,-0.451590173924981,-0.0151987096922307,-0.0554921923213475,35.98,0,1.0
2025-04-24T22:50:31.771236,162535.0,2.06949488400574,-0.827921937205918,-0.876611716922254,-0.53816230285239,-0.618550118357042,-0.224438517857631,-0.663651112503256,-0.0450409812392341,-0.574862685070056,0.994201658512372,0.743811955500297,0.96199369332465,0.76101092585795,0.0299930688435067,-0.59930430808871,-1.21709865602647,-0.409587095335685,1.33598678712734,-0.519567117969034,-0.492020538060126,-0.348308427589593,-0.478981037195442,0.324104869644417,0.77007653278151,-0.392998440204486,0.456581678604136,-0.0450227274332277,-0.050296140389464,29.95,0,1.0
2025-04-24T22:50:34.853090,145406.0,2.00671780431471,-0.521687011138459,-1.9630189437315,0.441350120818381,0.414444165655131,-0.145498967406622,0.206108502137708,-0.236287527775044,-1.17531227835955,1.18867085246104,0.114411587223908,0.776331321300356,0.562605393770574,0.446651508433283,-1.38751486896317,-1.84458122698839,-0.391499114012726,1.40332850717709,-0.469178469732517,-0.464129725728805,-0.251554846284221,-0.247803575675949,-0.0289131000413511,0.25840919911698,0.401397016781927,-0.52628402269511,-0.0117599813904016,-0.0505671448331095,82.0,0,1.0
2025-04-24T22:50:37.937785,159236.0,0.137261782427083,0.900180819260848,-0.634572605141531,-0.77459179095944,1.13451576345789,-0.215614072498704,0.818383356769777,0.120042455310281,-0.135760315575174,-0.642446233516125,0.369487499661737,-0.0895275998074024,-0.885166012071059,-0.673286455003688,-0.800987300245385,0.729432832895189,-0.0304169393183506,0.568534381636112,0.269913766981169,-0.0020229972332249,-0.333809365751444,-0.896019643978676,0.0362515606728145,-0.0376639034579705,-0.407717224872034,0.131213165115417,0.21058125855635,0.0669800410039977,7.53,0,1.0
2025-04-24T22:50:41.004688,90538.0,-4.13823901806614,-4.26061055225856,0.68217434866714,0.775937475228443,3.13403451363964,-1.12793227697644,-0.461103208849457,-0.276470484372274,2.27118770856051,-0.190872306845419,0.942258269856822,-2.18610588581289,1.78840643902414,1.04173983715508,-0.411161041834476,0.611288937117707,-0.598868524644282,1.06177571211199,1.22432684996418,-1.95338411267989,-0.962496847781719,0.227892637147059,3.54994916305676,-1.20808644461318,-0.069636096668879,-0.48579616476392,0.883419987502309,-0.686206822407591,10.0,0,1.0
2025-04-24T22:50:44.102639,52840.0,-1.92939254893336,-0.693166471810401,1.19764662762942,-2.36524816903693,-1.38339897863475,2.46966320408548e-05,-1.37880875573118,1.07745155253898,-2.68164080073368,0.443853907378087,0.526856882257118,-0.515917204157038,0.0433827959294477,0.296375419110178,-0.0818186806671911,0.284633772323403,0.448753337502436,0.707079773202708,-0.823091224600236,-0.504638081384574,0.153496924180959,0.310708555288065,-0.362525605657177,-0.311417626934225,0.264242364141564,-0.158628393156801,-0.212405409494448,-0.244264604738626,69.0,0,1.0
2025-04-24T22:50:47.207727,144172.0,1.64730189922798,-1.53724265412086,-1.10588108137442,-0.215900023412131,-0.938147133822926,-0.286173586105848,-0.377144335502064,-0.111732704360076,-0.214629377576355,0.760823610849476,0.234870611009878,0.629138376671965,0.157369564986358,0.232901483706156,-0.350559541600688,-1.27110531120106,-0.547602283324081,1.88225017827555,-0.483448056629519,-0.143387859066877,-0.159968840467506,-0.37728745077078,-0.019508945143328,-0.439562131316056,-0.237427397296566,-0.357182848130826,-0.0123495004680639,-0.012354369192501,247.24,0,1.0
2025-04-24T22:50:50.294467,31944.0,-2.29092989473892,-2.57857187911414,-0.306902381524068,0.618809726036479,-3.81479093819174,2.48219202178827,3.29341536882563,0.441751696627954,-0.123380362475941,-1.71158671440251,-1.5691102051249,-0.928100043698884,-0.19016662283474,0.233115024772976,1.77563442367527,1.18051544778918,-0.682414357686413,1.06596805343109,-0.809240497675178,2.32772619055814,1.00226618740424,0.741520517774034,2.6507661783029,-1.06111703552329,-0.0525874576796584,0.423282228686136,-0.444714873142391,0.0605369307560807,1170.0,0,1.0
2025-04-24T22:50:53.375582,69334.0,-1.08609354830741,-0.157842546346982,0.259851504806316,0.230928600942759,-1.248654413457,0.630084696057352,1.61158421661346,0.304821631980905,-0.71868119519311,-1.09765478500192,-0.622783966459291,0.667834848852882,1.66948321266069,0.135155555823631,1.00128937656811,0.335771603230448,-0.336887993071783,-0.351574863797016,-0.463404834707125,0.846732216283879,0.306328921023016,0.0698052985719624,1.07880741746898,-0.441202289103597,-0.294377633926627,0.166971255218999,-0.2189894192434,0.0062880781882112,444.81,0,1.0
2025-04-24T22:50:56.491607,73303.0,1.24877783111077,0.252385305567271,0.365187242287853,1.11296988197594,0.0061555173089771,-0.0520492355841169,0.0500372988220918,-0.112163512244003,0.331026196609515,-0.207322462257923,-1.22994049140901,0.969704484417038,1.45282066057671,-0.376036369773855,-0.262060913644133,-0.110122564035529,-0.449888988884571,-0.440869405500073,0.354901950862902,-0.0315131121090701,-0.292519202266336,-0.596905391008782,-0.0958089551808284,-0.436712487135245,0.678222079598196,-0.478805034319874,0.0458659939517181,0.022200577703275,10.83,0,1.0
2025-04-24T22:50:59.611603,123587.0,2.0253871529106,-0.203560260948441,-1.20645458083376,0.241187064844665,-0.0220714552410823,-0.725579865218117,0.0220754975564245,-0.116211099455046,0.444972835848713,0.266391169791011,0.511671464128374,0.522705936084459,-0.902253763297724,0.64157723479759,-0.533014856192493,0.229557291497974,-0.601097836124504,-0.153098076315543,0.559825127986904,-0.246450140889627,-0.264411192071472,-0.726711341371727,0.292314340946394,-0.361279970711637,-0.320625106691303,0.200565619438297,-0.0826574316760315,-0.0739456832367261,9.99,0,1.0
2025-04-24T22:51:02.707465,71421.0,1.15700855182469,-0.197904035700321,1.13368118677838,0.668786292970851,-0.838802936974484,0.220315367932084,-0.703712640706413,0.217539123164807,0.631344103972973,-0.084038192576282,0.74247087465797,1.2386224569608,0.426561088153993,-0.310935457298229,-0.521126380299009,0.436161769234178,-0.56772444497657,0.3170191080748,0.369185606397039,-0.0473172163370098,-0.0554015809509979,0.0138969484252173,-0.0285549733905146,0.0631185823198719,0.281066377100783,0.317642537707656,0.014822938909499,0.015156186864748,11.5,0,1.0
2025-04-24T22:51:05.800087,36721.0,1.1423490970544,0.0908025597012339,0.198755801046327,1.03174730654604,-0.580848353011232,-0.62864460032259,-0.286341068906479,0.127945231362548,0.560733563437906,-0.558711482881267,1.22284835635307,0.0926652837847008,-1.91569786963912,-1.03295745719877,-0.771643666773866,0.317390832882564,1.05079684507726,0.663677734428201,0.206672897290414,-0.172914161810319,-0.134130102328234,-0.260749540189787,-0.0626192079936267,0.443087760602075,0.435655775948462,0.386258835425567,-0.01280429736341,0.0315447127768729,12.31,0,1.0
2025-04-24T22:51:08.890826,147600.0,1.99876212262834,-0.0616904099575918,-0.701042122443637,0.630891277839033,-0.621966733417113,-1.73609252838576,0.171402237301868,-0.364923964547954,0.553134036083675,0.0860257410736465,-0.0249909610180198,0.47747835781615,-0.572854909296965,0.424643865117757,0.0275190338030623,-0.342861317456135,0.0637926158992707,-1.1017548783274,-0.187000964741531,-0.283744206515096,-0.236013045627341,-0.574224043946201,0.456126626410355,0.917921891051411,-0.433800703815784,0.142191725221349,-0.0727406143826881,-0.0518878487442008,1.98,0,1.0
2025-04-24T22:51:12.001894,56803.0,1.17360912432855,0.511603445630379,-0.520451475708601,1.12262620608436,0.358867369321593,-0.295960433531853,0.0250046387752933,0.144441715018701,-0.110183833896483,-0.513358438415108,1.50090553458987,-0.228726450784267,-1.57033482719858,-0.839677563070961,0.825511330386194,0.664774324101819,0.886274830361083,0.925736187467082,-0.560631850722159,-0.201841999760036,-0.0268349064777576,-0.0755364811334122,-0.129545704955994,-0.481686729713071,0.582500674589865,-0.289875901401972,0.0379128239034746,0.0374365751819376,1.0,0,1.0
2025-04-24T22:51:15.101499,127361.0,1.3197244062002,-0.967487997932608,-2.00948777753118,1.6931184336561,0.0299576217290747,-1.02703403013677,1.1049105247349,-0.492926603383042,0.217150240470989,0.098614823547893,-1.03298280562518,0.133695724982635,-0.584582928326872,0.693846703386874,-0.430097166680484,-0.672910717701891,-0.0936444643900226,-0.537996112498625,-0.338210403617266,0.420415004068212,0.267766868774176,0.1490113723901,-0.320500906463336,0.0005666457739007,0.31028793616911,-0.527298453717347,-0.086494395853607,0.0010179865416883,375.42,0,1.0
2025-04-24T22:51:18.194214,90602.0,1.9733870191903,-0.190079672489677,-0.396554382500281,0.544173919163006,-0.246831423999627,-0.13094494613943,-0.493804000132302,-0.006898384703662,2.33427826415703,-0.428980608888962,1.47003596307679,-1.24434213655588,1.55846491586892,1.55884828447191,-1.41809182683541,0.0225023925107542,0.149530767718826,0.165031190327429,0.394973954228788,-0.287567973036934,-0.512841579557083,-1.03828722627646,0.402857034823274,-0.51640630066759,-0.44200792069771,-0.78276861752763,0.0001117652925685,-0.0561073709555309,1.0,0,1.0
2025-04-24T22:51:21.303802,80283.0,-2.46059453078479,3.24668377005278,-1.20056505254367,0.472776778390024,-0.450201989441459,-1.3248041308759,0.53649882103156,0.391421167831007,0.926326902904338,2.81337111626065,-0.346674350941607,0.685641188625047,0.939867613558032,-0.0158954713514598,0.679980208745365,-0.699717053359501,-0.107672631207468,-0.340258133621217,0.133141121020275,1.06328735543853,-0.177066324647348,0.592217602195506,0.122559031444869,0.388747816947782,-0.307443114666669,-0.514957937922375,-0.0377584821801154,-0.647726401207648,1.79,0,1.0
2025-04-24T22:51:24.391156,62459.0,1.47660227602903,-1.09180655507714,0.526746776122146,-1.46377986095995,-1.39928635190756,-0.249066098710444,-1.19058261545972,0.0123581568450917,-1.64618119080076,1.38287093019826,-0.610264658448005,-1.13298962483212,0.0917901634969299,-0.277023146652937,1.08638561568627,-0.352855264350703,0.60057500641859,-0.355487164776091,-0.460131985270019,-0.366599868872594,-0.368111652545257,-0.704250210136175,0.167157587294985,-0.344857188397702,0.0889731928533125,-0.357177706789486,0.055135369275453,0.0224872157261839,17.1,0,1.0
2025-04-24T22:51:27.470573,82815.0,0.741775293716759,-1.29875230363876,0.810938677763773,0.404669574490968,-1.46782256572067,0.0993741709928805,-0.620600097337037,0.288317132963014,1.582305621637,-0.519664314572589,-1.02710584135676,-0.75730640074213,-2.6901127410721,0.0567795345270945,0.271201166913443,-0.257906859706544,0.582996074900404,-0.713957792510381,0.055153031602126,0.166178245429713,-0.103971613376097,-0.634062138849493,-0.0514346548594216,0.0987146479942184,-0.107971438862137,0.957396678668614,-0.0763136369549838,0.043509196965179,228.28,0,1.0
2025-04-24T22:51:30.562948,114534.0,-0.271945244154922,1.42773305162881,1.20680421517792,4.13480866743073,0.312986138914939,2.03737623787077,-0.590106108215892,0.952938933098775,-1.76641962453727,1.33991755417037,-0.683284408652956,-0.473235419160286,-0.110826842483875,0.366496700990616,0.0586490896673346,0.680881269461743,-0.332243446494735,1.5126920586003,1.59903253727877,0.0807350307387905,0.356189305946035,1.0047697696604,-0.19918954372315,-0.139973923087547,-0.621602272571066,0.489451229144428,0.119864668332168,0.131660131950069,1.82,0,1.0
2025-04-24T22:51:33.665775,27255.0,1.24880363165965,0.0472080527424612,0.423387603024424,-0.139515287417322,-0.592216994973765,-0.980653907823294,-0.0424160604375007,-0.123044006878744,-0.088962219197557,-0.0344388456351057,1.70452880790577,1.07421924457024,0.0915403912874814,0.451778735343782,0.316520558923799,0.342184642617772,-0.448283750961729,-0.252719570366612,0.379454093433173,-0.0646175827875216,-0.166215322610189,-0.50159816441391,0.124995340267787,0.594070382803042,0.119626029966656,0.816500848530432,-0.0894647479032046,-0.0040547877480504,0.0,0,1.0
2025-04-24T22:51:36.766356,94330.0,-0.159188253451539,1.63642225435632,1.54599038025481,4.55479940392864,0.972500161314345,0.135619469003896,0.890709635187871,-0.308928981901544,-0.750671002033175,1.48808516225536,0.0189227146632523,-3.51495112016203,1.37852083915781,1.7509347239024,0.0364873683299348,-0.332543453736555,0.831240798746627,0.0272426739399668,1.11755527782445,0.374095700292396,-0.414908499381616,-0.725332563621993,0.0198138142745913,-0.0804172850283939,-0.566643849069187,0.0294988448472911,0.206860492083663,0.003060007736706,12.74,0,1.0
2025-04-24T22:51:39.862581,58084.0,1.23086598357396,0.0952666849650613,0.257008124756442,0.535814022390371,-0.314624211133183,-0.707756569309974,0.0618661446046988,-0.154290542262192,0.150024446434625,-0.0659445216548426,-0.745078044350825,-0.0563100753419242,-0.0854951832570675,0.315199711204678,1.12661796983224,0.475600586165083,-0.574891173737302,-0.312449066234591,0.0615496282672444,-0.0411533757820628,-0.275753690055801,-0.894106315751537,0.0515652090018186,-0.131742346626356,0.255040364902142,0.123603620164883,-0.0392098829952874,0.0186871652180627,34.99,0,1.0
2025-04-24T22:51:42.964694,38671.0,0.93576807227945,-0.863878518953777,0.965979204766134,0.373064828711678,-1.40666479241605,-0.353061051602196,-0.514793756382658,0.0603565934811868,1.30354406615585,-0.496070316548885,-0.920774703384652,0.178561687155645,-0.758503493528836,-0.372277952923945,-0.201757442952057,-0.0660752611071561,0.192405041588708,-0.51723619134314,0.425120610579523,0.163761302467283,-0.156311250553825,-0.549863752988345,-0.03584438731786,0.458916467549241,0.0583760905728061,0.929477716204519,-0.0655912026961868,0.0375895380600919,150.92,0,1.0
2025-04-24T22:51:46.047173,35181.0,1.2146916071624,0.245851485985855,0.309292107470687,0.584284767909373,-0.386359156518251,-0.767107138375794,-0.0743016523446458,-0.0087163750721771,-0.10002138692838,-0.0887769475071008,1.48723017114347,0.477046390563238,-0.696406652225168,0.0754849555250199,0.485515490246659,0.714924095453529,-0.209142432863402,0.29969123320242,0.098074924506844,-0.125100994820345,-0.246259701525594,-0.786103078830516,0.127424051910865,0.266208428786048,0.158321941053475,0.0800237593599685,-0.0322032578329868,0.0186620895532826,0.89,0,1.0
2025-04-24T22:51:49.130958,147172.0,1.64967110480696,-0.686082382913486,-1.11010900322186,1.52180928412618,-0.483258942892294,-0.831240238884838,0.151838090212238,-0.154825438737815,0.903520057991573,0.218444161149063,-1.40702284542877,-0.923794759440978,-2.29623340115122,0.737201870293646,0.383026775003836,0.0669168873074171,-0.376711788044934,0.174147648475431,-0.449246027461107,-0.0505916874892183,0.153021836723423,0.104879979396557,-0.0292710222139352,-0.0931716883042557,-0.0114976912757659,-0.604007347171788,-0.026737271502419,-0.0177928760790952,186.9,0,1.0
2025-04-24T22:51:52.239495,34897.0,1.33193532674667,-0.397311397779284,-0.113107180870558,-0.697169658792748,-0.572561310107619,-0.703957233962826,-0.174461043980866,-0.123718501400553,-1.42987785592851,0.860997587850849,1.58139453472013,0.538850125648511,-0.143062963760351,0.624941507677711,0.176757626388507,-1.73860399336296,0.217642616935882,0.669260609608634,-0.786009102855374,-0.529655008353485,-0.320693602207103,-0.447963786873529,0.0419147735930592,0.254482342021825,0.299058120196822,1.0729469777715,-0.0767621589951942,-0.0164463524271247,8.0,0,1.0
2025-04-24T22:51:55.363213,150447.0,-3.06037675904499,-2.53551031826015,0.260336955643583,0.188099536707828,0.425467453475826,-0.184569437220982,-0.0686793401680927,0.820938219607965,0.0894374838729456,-0.909674754798612,0.0171806668870792,0.0465925355295996,-0.892815838628887,0.782562894525074,0.50792334604822,0.635453792785396,-0.699347834923867,1.55404254094175,0.355443313975542,1.4406324521992,0.70096001668715,0.51842868548528,0.586941486489377,0.311923325206323,0.171051549523109,-0.194282050233768,0.17229266424879,-0.200425822367881,377.6,0,1.0
2025-04-24T22:51:58.466298,150609.0,2.02288302816273,0.124747513795652,-1.85481346601697,0.323382801909637,0.430630591905292,-0.886912221059428,0.15363792212691,-0.197451005732644,0.361514515146842,-0.312473876156614,1.03757597450983,0.623769380972745,-0.0536039833281403,-0.54262908340503,0.27808801196616,0.45890762633617,0.0592065886074626,1.04132237168038,-0.0661078131024701,-0.179571351050841,0.229913642975352,0.798528195910476,-0.0799540574647453,-0.530406375330141,0.258222826032744,-0.0915348152084062,-0.0047822601518859,-0.0450040419974257,8.99,0,1.0
2025-04-24T22:52:01.578942,43994.0,-0.536788824173023,0.545234286647076,-0.154057403870329,-1.05204779783117,2.40506438253538,3.55615313021689,0.307192384473373,0.931850699548141,-0.343505181906175,-0.37107900613685,-0.489880634026973,-0.160732330101583,-0.19649314309053,0.130012468053455,0.160063928805017,0.0724840004145455,-0.588448637817295,0.0192994746112839,0.612117344937603,0.322083558237374,-0.166182574498896,-0.522879960679641,-0.0269987481686043,1.01460598119296,0.0092527150902518,0.219594219380125,0.313319490600439,0.186388646434052,53.5,0,1.0
2025-04-24T22:52:04.661410,25208.0,-1.9244507431243,1.58291866740578,-0.313364863518441,-2.90643378172785,2.2675013726818,3.15370599828621,0.398867888631988,0.587036695470543,1.48113139892929,1.90791450609157,0.0745449166225247,-0.35702241931054,-0.141620416478908,-0.81359802127444,0.864472608762907,0.616459696076492,-1.44276000040637,-0.0647903039544395,-0.517380490388771,1.19043520833372,-0.451114823884717,-0.59479430217146,-0.0973393742348906,1.00824784576952,0.126239264320671,0.709309183437119,0.662409693424825,0.16872032167973,7.3,0,1.0
2025-04-24T22:52:07.748408,58476.0,0.77913538610769,-0.451613600495368,0.51584452391569,1.29295939582581,-0.803195937844079,-0.68233825797837,0.200755365990523,-0.150292649597957,0.199467047478321,-0.134089670365611,-0.371968567298651,0.156726773972465,-0.106495567100306,0.325366076858979,1.2233235991972,0.41450177307008,-0.529040028799788,-0.11821326717168,-0.437782955696562,0.309016748790296,-0.0591398661493064,-0.695851857372967,-0.0812219528774526,0.353466060369136,0.208872078821561,-0.64654022517968,-0.0067598805560891,0.0731702223198236,228.61,0,1.0
2025-04-24T22:52:10.836954,137877.0,1.82256454751655,-0.0699690310901363,-1.8344066740822,0.594613316986181,0.236756520197488,-1.32203971490197,0.519869577150049,-0.482661749297121,0.352448049529247,-0.580296589309548,-0.103485396245598,0.865771522797536,1.53111820260554,-0.999503658940974,0.800273407629583,0.109679151529681,0.344935376825279,0.273635147163446,-0.526396086962847,0.130384764678269,0.286871102417309,0.812012122468194,-0.14628191497362,-0.10014431741386,0.254457180560239,-0.11180881740344,-0.0121209799149567,-0.0082552508738766,123.5,0,1.0
2025-04-24T22:52:13.933357,123191.0,-1.65853561685322,-0.570341057331264,1.21389690892841,-0.552021810231619,1.96862933641225,-0.600099968446557,0.139572977187105,0.267974948235693,-0.120918594365566,-0.925022891100792,0.0651027672480212,0.518462757702391,-1.09371971927342,0.0824439773658583,-2.56725715554486,-0.561687171471723,-0.138043188281037,-0.0897855668267254,0.0240690333062448,0.144567894849321,0.199998962302907,0.3687175194075,-0.391008744839398,0.769013454917694,1.17974122546175,0.540643038075113,-0.09460185440248,0.0448550822862567,9.95,0,1.0
2025-04-24T22:52:17.031576,58929.0,1.21413230286171,0.271086542604009,-0.292709065195996,0.880705569708567,0.287800832056747,-0.252425785698255,0.246389772117979,0.0492299562956051,-0.25847004911666,0.221704889249311,0.970540194688821,-0.0356160721349377,-1.77559821941213,1.11222280905188,0.446605110768448,-0.136548806902388,-0.305714530059765,-0.0053755728272321,-0.18630563605905,-0.277173616555707,0.0404389644125518,0.0921591566465116,-0.147433059772857,-0.334490507181473,0.735434106908058,-0.257980332218355,-0.0068366134183933,-0.0097868386956907,0.89,0,1.0
2025-04-24T22:52:20.112944,69183.0,-1.69353815680404,0.29096582167493,1.67157765215837,-0.259661724185589,1.16233423547239,-0.998880429964601,-0.177200543210964,-0.672750019377147,-0.306063488689744,-0.868534232733414,-0.23078673037469,-0.413842164134933,-0.942467658834801,-0.163042065848175,0.925540576936098,0.403554384132887,0.185180094317967,-0.541885622022086,-1.0150632748604,-0.480869390783006,0.489967415783908,-1.0738480105344,-0.186134321955585,0.0111125352812365,0.129623624586971,0.0612852157709951,0.173834991889989,0.0239109933424912,1.29,0,1.0
2025-04-24T22:52:23.217162,68038.0,-0.501369599667564,0.105224908288023,0.150034595141296,0.296507945014575,3.12213548049397,3.61387191549547,0.0196732809961693,0.745398488783812,-0.376257032954673,0.0355546313986779,-0.547768713224205,-0.19349177335674,-0.227795177882335,-0.0155467444044289,0.210576744517211,-0.685365145009104,-0.232870193976306,0.217762784198748,1.50060189804743,0.377692489190621,-0.078047915265496,-0.157332563439131,-0.159670378529793,1.01477474719119,0.14593267271933,-0.2714304449216,-0.0225851660895505,-0.0810475864769761,21.01,0,1.0
2025-04-24T22:52:26.322240,149281.0,1.48322467011418,-0.292788394485465,-0.574647719742422,4.05694380194972,0.202241358749653,0.8789542318657,0.156195031341023,0.139909849670434,-0.545856069292693,1.27495650899414,-0.319539250079173,0.900680600715283,-0.0341073682293075,-0.155289466504379,-3.22579907541804,0.36610743905568,-0.480557130071102,-0.574418945284811,-0.525379029160605,0.0875097010843565,-0.21813580677149,-0.798991626305371,0.0785918438260427,-0.501435054786351,-0.188397201083713,-0.271061943654659,-0.0449893258529407,-0.0249794617312215,197.16,0,1.0
2025-04-24T22:52:29.411117,45102.0,-0.94068385197216,0.90370291294737,0.978734162643106,-0.43771786541498,0.876942604562541,1.04721868498706,0.85971085428695,-0.240886369775627,0.607974981358821,0.867774398936758,0.181979055933319,0.376540212321377,0.071095562876871,-0.7320284438186,-0.657320989780595,-0.310168624348717,-0.671275112085945,-0.190927537942591,0.75918171567247,0.241595588811062,-0.307422867333318,-0.314468740482688,-0.266981555088291,-1.28390157363394,0.129587816431826,0.24126664474763,-0.495507085512579,-0.304586238225191,26.88,0,1.0
2025-04-24T22:52:32.508887,64496.0,-0.259133684140743,1.32408364794296,1.08835330194406,0.589870691150859,0.0572476857176092,-0.835585958510351,0.707201978997831,-0.220907020777658,-0.604745945450176,-0.11431106480774,0.0712679141307969,0.673664558042862,1.67461784378904,-0.65384151697493,1.18013271993688,-0.0951966036347608,0.236442234407933,-0.186951780786792,0.836646807132777,0.289128354078536,-0.149015554488622,-0.254936030688518,0.120175198659623,0.388518074084737,-0.919607290851373,0.0902537991770662,0.296872059440657,0.268271478793074,5.55,0,1.0
2025-04-24T22:52:35.593735,145532.0,0.28795462152062,0.953185373333079,-0.936794660970913,-0.489097954584395,1.34252613191273,-1.03624323193006,1.48885121023659,-0.379643948301107,-0.448194981694777,-0.424433984165048,-1.0606245773356,-0.348837540202046,-0.528789723422069,0.839653029747661,0.235008369962749,-0.784647633033291,-0.287032177928203,-0.205625720871744,0.281140364479401,-0.174574937434534,0.281206305087072,0.886983534187733,-0.0767909494262339,0.624447589431642,-0.789748425184277,-0.335235063957391,0.238841733289518,0.264987857086916,5.9,0,1.0
2025-04-24T22:52:38.719423,141036.0,-1.54628304629022,0.739209655592881,0.0290597869170335,-0.340764908105534,0.50745078768649,-1.1859140796533,1.36944910684579,0.0712744627783855,-0.937068631909844,-1.89270967099118,-0.484457338625629,0.269696054639832,1.07949833462063,-0.798145261649812,0.549664458284043,0.290535512335767,0.575267779527505,0.712278891513237,-0.41192429871329,0.408031462883064,0.379116294472152,0.612317399745702,-0.260673567337537,-0.0774052267449516,1.1728427511314,0.024540286004261,-0.140099473437418,-0.047068872192156,167.96,0,1.0
2025-04-24T22:52:41.810371,167274.0,-0.377883438596698,0.990859967559436,0.233832215798948,-0.860603140968641,0.929421351992837,-0.686407902924286,1.06671960768947,-0.202945548004226,-0.0953213918118778,-0.388692932098738,-1.60864849934624,-0.108562833248195,0.231601891603384,0.0536389335743154,-0.353495382615086,0.043287033521563,-0.666973542365439,-0.490959389042547,0.306053451162536,-0.0012221956212108,-0.265525748692155,-0.623082114175171,-0.104326403479069,-0.711343105364005,-0.487030576738776,0.171744354092658,0.221105011528036,0.222925762385196,0.89,0,1.0
2025-04-24T22:52:44.893043,54263.0,-0.255107126184195,1.0626764738317,0.521598272272965,0.599852462699691,0.660175384249955,-1.16713889329772,0.748379654266349,-0.139667689705266,-1.06528409485788,-0.602295962636059,1.91616156508854,0.65105760748295,0.336312597480589,-0.928960867301853,0.222403024365896,0.194610256199271,0.831973459327412,0.777714037100939,0.659680019670824,0.124366570055852,0.10227409702371,0.300537767599926,-0.0476232424366276,0.466329998555653,-0.674669417588625,0.282420989374107,0.154964823438721,0.207963523479258,0.76,0,1.0
2025-04-24T22:52:48.002017,148090.0,1.94134462674994,-0.435789443164636,-0.30350813563802,0.266897152977836,-0.434094353602135,0.234982109921461,-0.745276540922514,0.140510059617455,0.814667174759014,0.126282953280179,0.970703433999207,1.65157059626882,1.22901281181031,-0.301922459313472,-0.39126943192173,0.419348092417339,-0.755963436443611,0.284750224244131,-0.0569614402702689,-0.0802643179824981,0.229394950311853,0.869978955596324,0.182642748437445,0.793551510940152,-0.27291861031995,0.514233001483547,-0.0174332071481031,-0.0472837197578751,11.5,0,1.0
2025-04-24T22:52:51.086918,10765.0,-0.306318357869969,0.794014539280586,1.76733702253656,-0.675009772366587,0.0395556303268781,-0.316079460269277,0.336890332570204,-0.0597841666322854,0.689960125705038,-0.899165689289029,2.13654860913048,-1.47209080060065,2.70666358348244,1.43200807937854,-0.490527808870794,0.515938670631218,-0.0421132634437924,0.505371617643125,0.395837602458424,0.0532073286972963,-0.159054000331087,-0.235027982038772,-0.112463258293663,0.0092446545720418,-0.322465938097003,0.824194287220215,-0.0443633472201236,0.0327535167542927,8.0,0,1.0
2025-04-24T22:52:54.191062,38238.0,-1.57262600122608,0.612082183953949,0.129682379482924,-1.29042853614656,-1.68131457755223,0.188992221860961,1.96896532600937,0.0812261682692521,-0.442637529150756,-0.757694281852188,0.764796813939655,0.391447187878789,-0.172970820265966,0.466562470967683,-0.253789612041835,0.983669767138484,-0.888991024378563,0.359864067393601,-0.276700603521527,-0.413446683598076,0.0298370679625191,0.383577716517586,0.163516688997094,0.080377985008261,-0.0817010652053614,0.906341385941883,0.169001132969281,-0.0815921862405765,380.0,0,1.0
2025-04-24T22:52:57.282739,33184.0,0.951960750065101,0.416023933375585,0.78829564119157,2.34185441289364,0.471226911962771,1.33370572797952,-0.152876967463706,0.445538719374011,-0.858563036101726,0.457758786748922,0.85726286249875,0.718679075204259,0.449485111185659,0.323364073686118,1.56887585448338,-0.609379181932609,0.64344741968508,-2.58496339908117,-2.60306682010388,-0.240030251818513,-0.0944994506058839,-0.203845547195123,0.296097967245167,-0.66730062501837,-0.0963100263552797,-0.160960767309658,0.0662145296473392,0.0206239776948798,15.56,0,1.0
2025-04-24T22:53:00.372928,42145.0,-0.636109327771493,1.2364213723931,1.18913107317896,0.676484662060772,0.111771612878063,-0.10726431969478,0.6424905350594,0.175670246154742,-0.564159372187558,0.416173283261616,1.53931814571087,0.493867613137771,-0.555849789459728,0.562178520971648,0.619448272773943,-0.485375768063413,-0.0744610272822278,0.119555984036431,0.225824690260299,0.198221341086884,0.162496998560348,0.697375489670693,-0.105927061067146,0.223770966255164,-0.287903284543521,-0.311333176095196,0.541858903919515,0.269388270525939,17.33,0,1.0
2025-04-24T22:53:03.457932,58734.0,1.1681555966407,-0.0507728060719285,0.78088837983754,0.847544733105729,-0.882865301972353,-0.865441597502402,-0.120614571912535,-0.102296572445427,0.588076186440242,-0.219365549424773,-0.420496238828538,0.366236372407669,-0.517025910161019,-0.0117979471511414,-0.103883050565813,-0.252493438645123,0.155583380758966,-0.799516628675321,0.128006475890451,-0.114055918734356,-0.275146307204705,-0.690341448483219,0.110916296562798,0.723120895439711,0.248666603813708,0.265872701785688,-0.0292258783480659,0.0210156717097023,25.17,0,1.0
2025-04-24T22:53:06.525831,139063.0,-1.68922951416932,-0.0401759982425859,-0.0848516926397473,0.250909273537842,0.97368162744117,1.78990713386919,-0.512523656408128,1.26570061206677,-1.60334701667293,-0.571391949272578,0.629296689121385,-1.10385694773154,-1.70893285629813,-1.3402033455541,1.12134302209902,-1.35684374519035,2.36127297816807,2.30169398140933,-1.00741248714281,0.0129535818962154,-0.249018773074215,-0.644999656550376,-0.025563375068158,-1.25172316071188,0.406982264346375,-0.269198777430256,0.274116325156671,-9.670494007602e-06,118.0,0,0.99
2025-04-24T22:53:09.614640,137744.0,0.67465409916261,0.676751362053249,-0.712336293517404,0.0278900709200498,-0.170944239393462,-0.738997095076288,-0.706107745936987,-2.89673704580627,0.126784974150382,-0.8163186970113,-1.02588481614704,-0.207894355936927,-1.35120454002001,1.14118501149878,0.754240673374171,0.0009832767104016,-0.310891158206984,0.19129220066452,-0.408180841493794,0.38688148877916,-1.0023162928417,1.19882039141989,-0.0486215976174041,0.0444932007013398,0.56013702881416,-0.058499617398629,0.0570634628658771,0.175746220709202,1.0,0,1.0
2025-04-24T22:53:12.685491,63641.0,1.20490788151284,0.225885501826186,0.625680925733285,0.549949249037364,-0.499265582451167,-0.779596618080633,-0.0210878265794054,-0.0854158628017773,-0.265977756069546,0.0960082403523387,1.7077636688087,1.25683133888699,0.441647600283247,0.398755269796983,0.289212326418989,0.427897635303845,-0.613612587526239,-0.144152913527672,0.0921949615335084,-0.0748078372736492,-0.190009233357028,-0.573591489390026,0.147123335123873,0.537075174335615,0.168769136336868,0.0637331798645046,-0.0308205831651698,0.0112873422552451,0.89,0,1.0
2025-04-24T22:53:15.758967,137041.0,-0.719251316643192,-0.918494955481063,2.17546762064222,-2.66762045133659,-1.09412316776151,0.355400809249097,-0.581349525355713,0.189298491815915,-1.86722664778829,0.392627058576501,-1.21895113022422,-1.09242439501385,0.886192367534454,-1.03218285016628,0.079027835523099,-0.0523005226484631,0.201887519117816,0.451765376007023,-0.441379195141483,0.0177028404730999,-0.0694224215254553,-0.0216895511816658,-0.0032126993841396,0.568798493088638,0.320580787773209,-0.159864045633164,0.0504428264016621,0.0861215216627742,101.0,0,1.0
2025-04-24T22:53:18.831039,126570.0,2.10056573067532,-1.01903511134505,-0.281401131664223,-0.641957154535412,-1.48427091403351,-1.11237398724259,-0.963975247510938,-0.180229353012224,0.140423363247587,0.740814788442306,-0.486810980613303,-0.461254540919723,-0.0876827259476759,-0.411070413843891,0.166817795369934,1.03742901131954,0.304279183983691,-1.25981136193656,0.280034000046799,-0.0277661338956243,0.358111948012382,1.07457296588796,0.176081791901592,0.492416226367393,-0.22056923526688,-0.117022867881754,0.0064760876979617,-0.0411343679769132,29.0,0,1.0
2025-04-24T22:53:21.915033,161783.0,1.83181517738446,-0.286836726298891,-1.99512355008592,0.223963851909381,0.468386210530756,-0.274124794585991,0.104953138374859,-0.0598701117858066,0.731709240237221,-0.727018607172047,0.843580037473746,0.963166788775776,0.165922619053515,-1.32435122467601,-0.77407017423757,0.33110679834988,0.630617460306103,0.673642883708527,0.561075058140494,0.0858577511456828,-0.167697849477687,-0.496552636622462,0.065397841490618,0.176117880687795,-0.0420371891118106,-0.125863736614067,-0.0325862613772918,-0.0113182401842768,107.21,0,1.0
2025-04-24T22:53:25.014547,127961.0,2.0256233041948,-0.970164441492082,-0.585644340440662,-0.373842700019984,-1.13850824520658,-0.682925631954182,-0.730517737262378,0.0197741451393498,-0.206242443300027,0.99616495172646,0.489550244502114,0.0158700676021898,-1.49831778472217,0.459322088510835,-0.604897273706633,-1.13712700018259,-0.165141564966323,1.06367002328835,-0.25407851183056,-0.656181534378619,-0.811522279097396,-1.95096072823433,0.605239746058946,-0.0487083411014437,-0.888347966747809,0.0321272362729828,-0.0505946352164642,-0.05119657961563,36.72,0,1.0
2025-04-24T22:53:28.108054,19914.0,1.40569296761931,-0.45505761122312,0.640889499952696,-0.248345539971386,-1.06801849497726,-0.784040104907807,-0.682285157753401,-0.220919295343124,0.91299803363428,0.136481991960182,0.275076275895739,-3.08935555714058,1.21398251360653,1.05926007666205,-1.17581338725582,0.56842548632104,1.43895793688241,-1.43970475736393,0.740562563593792,-0.0373660151840986,-0.180267477527653,-0.190712759947457,-0.0108780888913218,0.351078610374535,0.52043600996309,-0.281235288578146,-0.0150176585891398,0.0050656411612116,5.0,0,1.0
2025-04-24T22:53:31.202848,155683.0,-0.311572208876145,-0.375072267067526,1.91223131478356,-1.2446201894123,-1.88219084188667,0.420348592232539,-1.55741951589316,0.732479338696989,0.719888040451476,-0.448773515855396,-1.8993625645646,0.290558176247308,0.869100176816743,-1.7393175815636,-2.37637142632251,0.780612667440262,0.73036338720881,-1.06397924524784,0.684293570528113,-0.109260981451192,0.429624775267746,1.53292370960606,-0.104191117147616,0.142722424927123,-0.458548645045431,-0.0683371769907821,-0.0806402481052412,-0.0079280924683733,7.2,0,1.0
2025-04-24T22:53:34.294853,114924.0,2.16912151504174,-1.67250160022794,-0.441420026800847,-1.69950641807334,-1.60764144630859,-0.0638661581664161,-1.65989647582804,0.194672119203352,-1.04742433521145,1.73722086306944,0.624751825473881,-0.872166104674462,-1.00398914398064,-0.0708676901465752,-0.0349191728277989,0.15666962460723,0.128295279785145,0.630878653256922,-0.070751665024313,-0.436240013088614,-0.263833626571481,-0.511748377215198,0.474087409888581,0.597099824917242,-0.70921759128141,-0.483766926398459,0.0200653302882716,-0.0352482569387155,40.0,0,1.0
2025-04-24T22:53:37.380845,142403.0,-0.473755775657674,0.701320825668981,0.966159767101505,-0.76252958009238,0.620753849993216,-0.772495661672167,1.02345561876557,-0.236310611699644,-0.0474197358168689,-1.10842894193767,-0.975929395905283,0.846585041231226,1.1157670451359,-0.296341103227397,-0.880566784174599,-0.840735127468646,-0.0974136274056718,-0.522592554275313,0.190048676531184,-0.0115357297264851,0.172718754001453,0.763072243883732,-0.417187600072992,0.0891502805028331,0.396831758995673,0.214283564925772,0.0911867814525638,0.116716793172991,10.0,0,1.0
2025-04-24T22:53:40.458017,88120.0,-3.15641532694389,3.16187884768869,-2.41204135547568,-0.939848899172737,-0.979036040689214,-1.07705287839978,-0.608766309578973,1.7956337034392,0.58164111493723,0.8255493680691,-1.95481136455348,0.924109592638557,0.862390406173621,0.861827203457386,-0.451699550110127,0.479553388913831,-0.0109913006109754,-0.52884685761637,-0.0573669293989544,0.414171431045812,-0.360512761865759,-0.852806011036265,0.266910434513108,-0.677376282351839,0.0695323186370444,0.193961677049331,0.198348975040435,-0.0126911311373364,8.98,0,1.0
2025-04-24T22:53:43.547068,12012.0,-2.56405249999824,-0.992740330961997,1.45253447010636,-0.398517219972852,0.865221691950612,-1.25990028453353,0.629030005538142,-0.566684283567163,2.22535768567582,-0.374487484747907,0.321433111139973,-1.95437682368919,2.37447465741278,0.354399597368465,-1.65694574982102,-0.258352208173989,0.310763737351912,-0.533050211098275,-0.275231742190978,-0.636893166785461,-0.539033910407702,0.252075255439287,1.00612037836638,0.442770764856163,0.11458340638363,0.807978876627787,-0.523170026647027,-0.463984399217836,24.5,0,1.0
2025-04-24T22:53:46.653672,147493.0,-2.08047246578315,0.474340498571211,-1.02915460495798,-0.442965892788871,1.43741694993536,-0.680948655674695,0.103218048408576,-2.78932347890171,-0.903585159888211,-1.04950548226503,-1.25772686371084,0.107939343817288,-0.37378782625433,0.987272732242616,-0.614660571401115,-0.405346841040193,0.0200371939908537,-0.577675254068374,-0.059458415921735,0.251298389693865,-1.16735889231391,0.945469739812166,-0.151304543896921,0.702280067328978,0.306117827238627,0.628241730956319,-0.16131863317434,-0.539317201052646,0.76,0,1.0
2025-04-24T22:53:49.756547,62568.0,-0.569833533078856,0.87720436938879,1.19157305495979,-0.271263107016537,0.895905370862644,1.38439129289921,0.283545741648839,0.669528040556184,-0.681674894373902,-0.537052301759563,2.45321962135751,1.01247078679455,0.0159075213501445,-0.123810716751743,1.27666054837723,-0.688834685015145,0.957365470738903,-1.59337460377804,-1.35228991593631,-0.0066410833258714,-0.0915805838308509,-0.0765168034997178,0.10118270630015,-1.06835980648138,-0.502886660513529,0.182939997026428,0.31335753699073,0.0734628793001638,4.37,0,1.0
2025-04-24T22:53:52.860639,1657.0,1.2412526896199,-0.107797511483702,0.432991110650204,-0.121890512426229,-0.790021367890469,-0.980616352405712,-0.218998167687704,-0.0198416463945289,0.196839196492515,0.0207279672140376,1.41552581042242,0.196672492725673,-1.46506455415907,0.73237931532689,0.579628012249121,0.46098243257755,-0.397875224820485,0.108556556192109,0.29383655955317,-0.157985542667011,-0.0617657397788098,-0.267594216220508,0.0764902954559006,0.568785908535578,0.13462674011226,0.934920925404183,-0.0967966564886962,-0.0075634645918476,2.31,0,1.0
2025-04-24T22:53:55.951800,170786.0,1.68694317896639,-1.49588362923432,-1.98050709002104,-0.514634279034764,-0.203031181077289,-0.0931912429774151,0.0439111055971485,-0.170094228495087,-0.782604044969976,0.945426724371028,0.0565178902613989,0.279099666072887,-0.0801448257640468,0.500018300945604,-0.701143473571331,-1.26353102091405,-0.445005136374312,1.32652616249164,-0.130029593958549,-0.0522049051543702,-0.397594768644992,-1.2330374506581,0.0501978898081512,0.0736898277241204,-0.308293384995975,0.399699301665071,-0.127720236494453,-0.0270989899220271,270.3,0,1.0
2025-04-24T22:53:59.046315,145811.0,-5.51782234681523,-7.13459363612332,1.84050271907917,1.19276873823728,6.9372296454708,-5.28827292901923,-4.61555410103337,0.607162419341448,0.643418827651754,-0.193048630611838,-0.876926981100784,1.15763395101354,1.28730202676112,-0.0639563875538376,0.284659396914338,0.134005618073022,-0.475232044197783,-0.259694241759405,-0.230175399179917,1.92097390418525,0.512693793157098,-0.663481078767169,1.50943721946982,-0.0184490395721619,-0.483745080044956,0.215367517438209,-0.139196667962498,0.325029968126829,16.0,0,1.0
2025-04-24T22:54:02.154491,42715.0,-0.322793212136798,-0.245111335520151,-0.39363962355052,-3.08103786303004,1.1031632260901,3.31788422549792,-1.1624492368889,1.25463422272795,-2.74791744704254,0.821860022349659,-0.556943165516555,-1.19832790140231,0.467860542917026,0.0386324408254314,0.497394595658218,-0.0597504661592614,0.19481828097647,0.612783497433581,0.287996345693609,-0.24838342008598,-0.144921167427422,-0.344105066125454,-0.075975967803939,0.973264495886654,0.112867763769641,-0.22964276778018,-0.0423076693857427,-0.0088938523794865,15.0,0,1.0
2025-04-24T22:54:05.258535,114663.0,-0.607787649768764,1.2091389664825,-2.65271423400261,-2.1783807569044,3.25528269840238,2.67580733431175,0.700889261278439,1.04638830271818,-0.529990227595764,-0.37345270821884,-0.27146795367361,0.0528899969031826,-0.408165160061627,1.17261218713533,0.219927958088826,-0.635937306689801,-0.324378624085662,-0.481020846113313,-0.29464125397149,0.0134337272327624,0.255051223940932,0.763028425282753,-0.155080901792772,0.751346359708915,-0.199848046593715,0.115879331368044,0.399160028399609,0.25426287861778,3.99,0,1.0
2025-04-24T22:54:08.341333,38503.0,-0.652008802511847,1.07024542227359,0.922761111284112,0.643624574441984,0.0482744455692858,-0.260651844664957,0.73910516668241,0.105117547260424,-0.389421367954513,0.470326636089591,0.688933586043183,-0.251543492425312,-1.32967445963966,0.678388167734836,0.514965918529672,0.0194155370387745,-0.502286444367008,0.860570947486236,0.793245792239047,0.200612648391549,0.0874079236269378,0.41204248681885,-0.122310909179357,-0.0275171861259734,-0.156648899163577,-0.302759497564708,0.529811270014665,0.265978295625325,48.2,0,1.0
2025-04-24T22:54:11.449434,140488.0,-0.0316313551379649,-0.720222397853876,1.30397480124819,-2.15335094012049,-1.30738700265915,1.11437224523701,-0.733787877688368,0.204263070878856,-1.93425450141622,1.2182885856698,0.294632869965766,-0.299435640696522,1.33887328755896,-0.884646914765289,-0.144635598972712,-0.195481909370203,0.131326134942152,1.12066477473177,1.01284801897658,-0.133692323784842,0.0118756361561672,0.521238974676735,0.12731791785182,0.220765043165377,-0.976395840870157,-0.188122785185846,0.181335368959898,0.17801211649841,104.1,0,1.0
2025-04-24T22:54:14.538637,153525.0,2.0872144335501,0.132251748251997,-2.01090749450399,0.192586168432082,0.777454808884082,-0.84741407591558,0.63433583633674,-0.387230925807455,-0.289887820274793,0.299097061628205,1.08010917804455,1.54012802830435,0.970074293540184,0.535707325693753,-1.129370987298,-0.494675255863255,-0.416213826743377,-0.406940237878004,0.406414007422935,-0.132535244544117,0.159947734773094,0.658114794324807,-0.0160241626147691,0.879741666198071,0.401987891160024,0.653614920600817,-0.113800092870149,-0.0854519938025755,0.76,0,1.0
2025-04-24T22:54:17.617314,57046.0,1.4178935034035,-1.29947272664584,0.608055960233489,-1.37117529862335,-1.70675496881132,-0.453304443725942,-1.24569000545248,-0.109909691774541,-1.51490268473184,1.39306479641168,-0.981014454655074,-1.03353912081953,0.763194601871498,-0.580043222790085,0.861037271293512,0.0067870717870087,0.188661599919592,0.550891624570575,-0.305182422169285,-0.180809997903189,-0.0014397122195007,0.305217441292964,-0.145317063206525,-0.108208533283223,0.418247116919138,-0.0221548774997887,0.0448225862200086,0.0325581085634944,69.95,0,1.0
2025-04-24T22:54:20.716990,152569.0,-1.64686579853573,-1.00343241062844,0.190754916904793,-2.52704153350024,-2.52266519690994,0.72342522535352,1.6076455287883,0.0042990369348881,-2.91016983703516,0.237803858500991,0.264376385270106,-0.404370758085033,0.898834325524847,-0.173150629392808,-1.16807014030566,-0.0747457247138084,0.19452741862763,0.650002545616923,0.224945521851378,-0.282499912122179,-0.113118350481518,0.0170946898525003,0.200023351812393,-0.327526905591233,0.819318333736399,-0.0332425270539538,0.003174563670086,-0.177879034245941,514.93,0,1.0
2025-04-24T22:54:23.829537,120733.0,2.01330041468794,-0.490776246578945,-0.512852838155301,0.327473615901923,-0.544378781040279,-0.128828303401627,-0.743634106703251,0.0896111879006761,1.30284703590671,0.0568145394505518,-1.16353732305366,-0.241125753298809,-0.685183701729052,-0.0228692026922054,0.740790460263522,0.413747109547296,-0.50993314438483,0.193418276991136,-0.36628223924677,-0.225302642041639,0.227126381724399,0.794798732488118,0.157724642022253,0.645371360103584,-0.224728154291954,0.622231895166186,-0.0312187363980068,-0.0460321188836706,5.99,0,1.0
2025-04-24T22:54:26.913190,161513.0,-0.532340278430878,0.26553374274954,0.840716730982446,-1.22638622356061,0.535207170570373,0.629272187689644,0.796214984529858,0.125074396799427,-0.170690427479405,-0.827180945513116,-0.46588553105698,0.644607879555728,1.24234372050668,-0.266258560129097,-0.625328050602507,1.25878025402726,-1.78925556947689,1.0817655934093,-0.359946575433483,0.184800259657276,0.320913066395535,0.779511045660437,-0.130649405304472,-1.33900427446372,-0.180324388947866,0.272635731345335,0.0898096474214645,0.1539703663375,117.0,0,1.0
2025-04-24T22:54:29.993399,75910.0,-1.12234780901713,0.909633308984909,1.12610537481071,0.381868009470783,-0.188131020066121,1.10819162653036,0.264676333683262,0.777938269004073,-0.629617093836202,-0.378217432720736,-0.544166677040528,-0.237599960592741,-0.227415048931598,0.565140366393666,0.993043980928368,0.979259282855111,-0.996973550498984,1.52353963145517,1.27512941187249,0.391480735804385,-0.0029512862669835,-0.309622438781484,-0.0855102974636381,-1.4488385675349,0.465053444362636,-0.270876742941699,0.1714821003975,0.0721101310438491,132.1,0,1.0
2025-04-24T22:54:33.090518,32367.0,1.16726695972432,-0.756460676952587,0.118052224985114,-0.809707489725107,-0.563843565316827,0.109850820575887,-0.53037097797558,0.1134319512294,-1.18411054750725,0.704078509751251,1.91260906636992,0.285136151624954,0.124448699261696,0.184494712903414,0.460387464823569,0.60003409109564,0.602132855117421,-1.79616430960045,0.0621366517538012,0.155278520547354,0.361332578852442,0.866732640081686,-0.125769682310185,-0.246408988060082,0.431516908508671,-0.0818729272580829,0.0114264839584469,0.0052776760109996,77.75,0,1.0
2025-04-24T22:54:36.176228,125266.0,-0.851297140990367,0.666681673192513,0.568272666420171,0.686134443837321,1.12995114871903,2.47985620358008,-0.0563723906918431,0.903295535009661,0.154550227343233,-0.208132289803336,0.149546630520291,0.799365459755446,-0.590497309781615,0.0642050306587982,-0.797301280662747,-1.2937262730641,0.645402440671471,-1.11825928444222,0.738796316183429,-0.249232531789235,-0.32915846451201,-0.640194632366244,0.311518203892081,-1.02993974117384,-0.956404319379637,-0.972046852915988,-0.245071403508643,-0.0807027953111998,15.99,0,1.0
2025-04-24T22:54:39.287194,51462.0,1.0303987335381,-0.973595327770314,0.627237494056245,-1.00183070566648,-1.61716350500763,-1.12222185208858,-0.457842339117729,-0.06310393513021,2.1382960079207,-1.20208304919379,-0.494855070112249,0.112528458302795,-1.59277375320445,0.0925867996434244,0.920466689454666,-0.771478269401518,0.35005207628877,0.0845046475876518,0.723603961412978,0.0327235520931929,0.150907891039484,0.432944729161507,-0.194186325845327,0.776350157572327,0.489042416856227,0.129406273940286,0.0056114603155244,0.0373221644657335,119.71,0,1.0
2025-04-24T22:54:42.372917,35059.0,-1.07540505968613,1.33882638784118,0.117071097507677,-0.204691065935597,-0.524877393459103,-1.26105331810112,0.43511624211595,0.439694447027684,-1.09863620748485,-0.801440029319365,-0.412298960238956,0.725068684958387,1.02219159624853,0.855409404493449,0.773734057624756,-0.169719810970927,0.365489716190458,-0.774447722519209,1.13565153579735,-0.12933147013038,-0.151833441334741,-0.721981372372677,0.147504434702572,0.459191854124972,-0.68528631105812,0.718541756257379,-0.275356955659831,-0.0449086111025361,53.8,0,1.0
2025-04-24T22:54:45.462602,138712.0,-0.375994641862604,-0.360085032388238,-0.526608769406578,-0.206968530388986,1.25575106516997,-0.929050969124143,0.733546653481375,-0.172838285083328,-1.32482619638552,0.464355287857692,-1.994282299814,-1.18308744853455,-1.42687165019423,0.608367117644944,-0.999377978397435,-2.08424379690066,-0.0587939992097782,1.27400718822454,-0.947018027412966,-0.420968432540844,-0.109291556012028,-0.0694569904195376,0.192141642495908,0.48804128680356,-0.493873322200332,-0.68250403248432,0.201822934230736,0.259488066514089,65.41,0,1.0
2025-04-24T22:54:48.554093,155373.0,-0.649469329661821,0.399567322877941,-0.13347952910853,-0.651488322596868,1.20935875005376,-0.779011487668927,0.953988393123298,-0.282287131031043,-0.0016772630092858,-0.201964497841741,-1.31265961482149,0.5862091845969,1.44971437809894,-0.272355253096729,-0.380500423016716,0.0167905004360117,-0.734849883119627,-0.74635001090699,0.179575025161149,-0.0837025428281343,-0.309051187496572,-0.539514031802236,0.441819105141212,-0.756623090003311,-0.258058045663046,0.180285885706004,0.0171356737917153,0.137722065484014,4.99,0,1.0
2025-04-24T22:54:51.638091,87941.0,2.05436148319946,-0.12264207813777,-1.24571696211497,0.189566787780388,0.132496643692501,-0.620765220428396,0.0595813307223422,-0.148058289630253,0.338940292407121,0.247958747594736,0.504313063731506,0.88452358549434,-0.0983708037632688,0.475306022599384,-0.60807727185485,0.237495617418588,-0.702699966509816,-0.199364002920966,0.616408567110571,-0.209856347295237,-0.271204199508788,-0.68704760774821,0.271568977277269,-0.49711996186835,-0.270115434292699,0.208619333453798,-0.0760754020770766,-0.0754281595528046,0.99,0,1.0
2025-04-24T22:54:54.723406,60926.0,1.04843046441358,-0.441324995869762,0.900409995917483,1.13644917131716,-0.88709600373989,0.256276497451692,-0.758699522170248,0.244023575019918,0.98101706223498,0.0088512115196053,-1.67972092106301,-1.14633924233986,-1.4459334804494,0.165249237054041,1.82829537870342,1.18712522196471,-1.02503086703522,1.15736124884673,-0.494707181638702,-0.0077793712486655,0.222281302969357,0.406588786962006,-0.245510822196315,-0.612646926256191,0.39529414441494,-0.182355904414971,0.0445179516399868,0.0459404512774219,100.0,0,1.0
2025-04-24T22:54:57.821595,117045.0,-0.489520813214461,-0.0609616950259983,1.52872443632343,-1.04598203434439,0.425684639896012,-0.0794544080093785,0.307354765060279,0.0426556621139034,0.476374132339941,-0.538308238333311,0.159006760853035,0.213568631066341,-0.643451813492438,-0.274603381601003,-0.969986567527518,0.669996232105378,-1.1692309839349,0.666118232866153,-0.597201381445418,-0.028620899221118,0.276356379739711,0.923290340176501,-0.148854884605977,-0.362295818852857,-0.581669474030143,0.379212781075311,-0.0439330081966347,-0.05067080642429,28.75,0,1.0
2025-04-24T22:55:00.900964,77563.0,1.21979256815265,0.600259880508964,-0.464046105101206,0.807074822894014,0.0557412340897032,-1.25400291733979,0.301657015456503,-0.17536998688401,-0.417456128315678,-0.539532786935173,2.04864628849786,0.531005529011225,-0.362982405313753,-1.05762105017392,0.269738979513445,0.694935046178693,0.869007294221816,0.713716707412208,-0.15246083283373,-0.0756613576847069,-0.0906030329928065,-0.248431429677731,-0.0687888322321864,0.419508069206813,0.508230702928898,0.339334725799866,-0.0352432925371593,0.0344324216864959,0.76,0,1.0
2025-04-24T22:55:03.988574,22111.0,1.36196982778813,-1.08021012610311,0.936676369160001,-1.32877638527404,-1.28518318417402,0.526791393062188,-1.55550844582583,0.167022644632764,-0.675437583377857,1.11551119874442,2.69146245069873,-2.21306299598425,2.73836887437238,1.06515293127249,-0.160340855959988,-0.602378583621306,1.38179593267406,0.0929698267043762,-1.08529044628332,-0.364375815725295,-0.0928825419569662,0.447774941632782,0.0473598321748965,-0.325601096358711,0.159480079218191,-0.103157605176224,0.0576882582582178,0.0062478279065832,17.4,0,1.0
2025-04-24T22:55:07.080428,31775.0,1.30153194687385,0.0615704530260448,0.0051254297412314,-0.321528845143501,0.104214740683996,-0.172119200985321,0.0005726081505565,-0.137375781079657,0.0651648433929699,-0.283080808710591,-0.476835435963746,0.860497522554114,1.81034920288329,-0.098780627879597,1.2761893133997,0.134377733121447,-0.419714177869153,-0.866413381856536,0.0153930171318758,0.0419707737457391,-0.114750951400429,-0.212569743080826,-0.0540825562226901,-0.662788528145441,0.33016694390197,1.03634181339105,-0.0594316865948172,-0.0036504359064449,10.0,0,1.0
2025-04-24T22:55:10.166173,77968.0,1.20259384987395,-0.548992900941266,0.887401079986189,-0.821550138713339,-1.3353391896524,-0.548028496658249,-0.815771695180061,0.231398539742653,1.87472656789873,-0.850286856942257,0.905759822389223,0.330142568999214,-2.19149237054868,0.458876034209057,0.79857374512569,-0.148460233690166,-0.278416553345503,0.937373480034635,0.860384179539378,-0.246972166352718,0.0154415357626352,0.157103489981829,-0.023613361455657,0.296779789361085,0.400498113402491,-0.696961696790996,0.0763196607869235,0.0206550835426655,1.0,0,1.0
2025-04-24T22:55:13.239335,79328.0,1.13276865460898,-0.291863023464289,1.24404165603762,0.761424642567581,-1.12961248900991,-0.0082732606836534,-0.791993024165512,0.275483664472263,0.824164049896875,-0.0426762923566477,0.792888293642615,0.592128846356381,-1.05082866762947,-0.008508085246419,-0.390065696657603,0.406967305952183,-0.367368637254152,0.383943356982735,0.255412828896984,-0.149439791187957,-0.0501367325312263,-0.0411550090658188,0.0282074846326856,0.337652742589538,0.18907637783162,0.30277517936782,0.0060622053055283,0.0152894207596031,11.5,0,1.0
2025-04-24T22:55:16.313423,133222.0,-1.27664353704624,2.11200475298743,-2.12397038352812,-0.759991371859112,0.408569599982008,-0.450795870333127,-0.0996424638185301,1.22282652686969,-0.180763278306866,-0.903744486405877,-1.89304378781153,0.335904720410572,0.90146191889458,-0.374933728535584,-0.308109049458301,0.927204420856438,0.458732309930789,0.126984793305116,0.070202584921457,0.0087572703163842,-0.33682079583105,-1.05755725356851,0.131596808398446,-0.414032084271703,-0.0987388948799946,0.188510247913359,0.0689917924160904,-0.0043238592411633,9.03,0,1.0
2025-04-24T22:55:19.440835,124788.0,-0.352503018160998,1.01556961135627,-0.770670004773489,-0.337445934511777,0.189540352958812,-1.23182890054367,1.05888078291859,0.106266928472589,-0.326153027648028,-1.47019233205124,-0.645517234545064,-0.0849941490244322,0.0308761989109682,-0.52835537400552,0.45966136368914,0.304956936388141,0.494987621029027,0.614498039203931,-0.729551960594083,-0.0716463256903569,0.376375810782299,0.897746100382694,-0.0105477603203891,-0.0927782073863121,0.0478165122357346,-0.174135800636637,-0.0827612647158311,0.0079592020186368,98.91,0,1.0
2025-04-24T22:55:22.538077,50234.0,1.21907497653749,0.247576013597891,0.258565247991996,1.13829475351653,-0.375748075565569,-0.985581580092013,0.163338887401854,-0.176034302203294,0.142238664505274,0.0402226920784814,-0.578499744092076,-0.37741673587433,-1.0612910167677,0.603150393613709,1.03806261524294,0.101738846120539,-0.366700277041887,-0.017357399169434,-0.365843437384433,-0.18568872260612,0.0227456247358743,0.0320605957814961,-0.0981454321244373,0.36398493665186,0.647629975542259,-0.325908471239847,0.0043651013192111,0.0202708918755878,17.21,0,1.0
2025-04-24T22:55:25.617164,54354.0,-0.424785040975091,-0.741199282579242,1.1303233555302,-3.06721455924436,-0.447637757869299,1.81136523760438,0.0646762129575894,0.257352242135966,0.345383452216891,-0.752324832483631,1.92275679688741,1.32092945970167,0.440123615754326,-0.141848941307494,2.01797736231163,-4.12863175407957,1.41767395874096,0.3279389838428,0.403328780596113,-0.36969813455055,-0.132103216493789,0.703758272667616,-0.0350220506340661,-1.31272455302726,-0.559509316971595,-0.579099915154155,0.0979161238790925,-0.124929307335043,129.98,0,1.0
2025-04-24T22:55:28.721445,125301.0,2.06693060692681,0.0088168936727468,-1.61950347330277,0.0129268008672247,0.641777744782881,-0.25005701854197,0.152639699408038,-0.174860698124222,0.176208734197563,0.13469465809441,0.828079152715527,1.43916567925602,1.25431812441737,0.413406994648215,0.0360911106962449,0.0269045387964308,-0.955161355643505,0.382479895673374,0.162518095027271,-0.121533210628124,0.279870545144961,0.967418413496785,-0.0400079028109336,0.288828292551563,0.342994387904336,-0.132691761042551,-0.0179994314959969,-0.0645616246000762,0.89,0,1.0
2025-04-24T22:55:31.813676,27841.0,1.45929848225997,-1.0377281631214,0.535017000248143,-1.38395051553641,-1.64344590716421,-0.829300613778144,-1.04610571671917,-0.0830575391647845,-2.03166932093881,1.62580484272171,1.30432010745211,-0.431266857104243,-0.202273819078666,0.0170797878995982,-0.0840942150686084,-0.236845990753046,0.365170422403976,0.458753030217687,-0.0282562949442997,-0.358267000098435,-0.155189072949271,-0.1220398564854,0.0536549650092979,0.509380659357313,0.310201313035067,-0.235055290895218,0.0223064138536169,0.011966413325103,15.0,0,1.0
2025-04-24T22:55:34.896668,83118.0,-0.380717473708517,0.664925079600863,1.33803608135032,-1.33922590990838,1.00136620420574,-0.644543974154681,1.73219544203426,-1.10084257722504,0.676914769392194,0.453713799859611,-0.0020336326397337,0.371226324548355,0.712970777104821,-1.12632775227711,-0.413478208355799,-0.847295808019632,-0.497550497650987,-1.39432651157853,-0.750733257762466,0.235268630621386,-0.102035826688544,0.559804222819905,-0.218827208276642,0.191720602939625,-0.650354598379002,0.709149701361866,-0.739534614912303,-0.66463473012974,2.0,0,1.0
2025-04-24T22:55:37.970020,145037.0,1.95024127891331,-0.479926992463413,-1.18753649934577,0.0887884682947022,-0.154311347627742,-0.44859389412307,-0.119489666393038,-0.0279833674133882,1.01698149498598,-0.0326835512870278,0.263132692686018,0.595963955053563,-1.17294996772452,0.494002134310177,-0.788053368087299,-0.205663929478963,-0.376952643805013,0.0167286089303229,0.717866747961442,-0.223375098208252,-0.125670836147003,-0.257118227490231,0.142654133428444,-0.478770828724511,-0.105303287958237,-0.0785039133015155,-0.0390748198180794,-0.066790139772166,39.77,0,1.0
2025-04-24T22:55:41.070043,56887.0,-0.761302965143037,0.0622715640080382,-0.51637782891673,-2.18806838047683,2.78548562659711,2.92778164746102,0.163577419713432,0.207777639420481,-1.20873776943317,1.65803302284389,0.130798280884401,-1.30140032393379,0.008361846456272,-0.387326090407964,0.89942122625672,0.473003936880591,-0.0589285250598932,-1.00128529400304,1.8282608133058,0.596195969756059,0.0396510783362135,0.445278495626887,-0.474710356591449,1.05655865891526,0.390506614314467,-0.0692800891204129,-0.142373075437335,-0.138662631877416,15.0,0,1.0
2025-04-24T22:55:44.155929,156091.0,1.97436652533001,-0.170590468570146,-1.87748553914923,0.362728085673062,0.520830248053281,-0.786659226577085,0.569615987509641,-0.393634864891261,0.261700749623414,0.0433135930710976,-0.847915041636838,0.657105386494218,0.625330911342351,0.271051071668823,-0.414745895164589,-0.587269039219371,-0.123485665462338,-0.931379285640644,0.161466466031968,-0.0330493422806484,0.0038225007731703,0.0817838154948916,0.0383316257405637,0.685732972965061,0.199481422639959,0.528349418708368,-0.106387285213817,-0.0587513593838718,69.99,0,1.0
2025-04-24T22:55:47.255061,135112.0,2.11684205936589,-0.0667782818889027,-1.79317894531831,-0.0827751073262976,0.73405543979974,-0.122662886551368,0.101946558827873,-0.163739464569664,0.374047644995867,0.155754093979761,-0.0755909044654946,0.886030859179743,0.859744626346309,0.451785262367501,0.153309779294039,0.330228171082137,-1.25172560734442,0.755952520981043,0.477417844596625,-0.155612765629241,0.233462202518236,0.853969508021946,-0.183108785693993,-1.39002492678903,0.413896492628992,-0.0328678566611757,-0.0144112481816245,-0.0809358964047062,1.0,0,1.0
2025-04-24T22:55:50.354353,119481.0,2.0383275434661,-0.0266904422109757,-1.12252863341769,0.459521949004476,-0.0298326519239568,-1.17234049190754,0.309154435924624,-0.409741631877101,0.414541603943572,0.0201506726895063,-0.633890760684479,1.03621232076357,1.0929041415934,0.0286466428345255,-0.344174011478244,-0.315275434778152,-0.245987939586142,-1.03024660454322,0.191554431377238,-0.135136249930038,-0.228928061764248,-0.457860180036367,0.261002046916948,0.0917939597939204,-0.162501190240775,0.2686546150779,-0.0683356822574916,-0.0586758127668428,15.17,0,1.0
2025-04-24T22:55:53.458869,126513.0,-1.54869559993574,-0.49419818769302,-0.718243820560448,-0.248816089459775,1.60697918089008,-0.368407692945455,1.00082179049551,-0.016793481609128,0.08052263851216,-1.06643360878013,0.696496410654819,0.624442957225349,0.433214344389938,-1.70251977687674,-0.862819064512363,0.235841271198921,0.708925456537918,0.988124036131704,1.04949701066765,-0.0187269762203053,-0.253604412232511,-0.0580278650702104,1.13540944875166,0.0624843647447214,-0.155864478463736,-0.0768068142781231,0.528366645457574,0.129428073294722,120.0,0,0.99
2025-04-24T22:55:56.535827,49885.0,1.29765592723516,-0.101707793084972,-0.27183893378787,-0.937687681068416,-0.229730714825887,-0.881256649866635,0.158477512897514,-0.172388646348089,0.946511205647332,-0.828204620015331,1.00645795360497,1.31082598365323,-0.191613312245693,0.491350371190166,0.0063517688012757,-0.828664970615173,-0.222108939478771,0.307445058443403,1.24192487312457,-0.125836048265609,0.0099163720492782,0.259138547828861,-0.246387419814188,0.0495107043691643,0.974517449306562,-0.546923877403939,0.0321136469670513,-0.0022557937789143,1.0,0,1.0
2025-04-24T22:55:59.625544,123664.0,-0.345335853411557,1.83722075399452,0.737558807488253,4.56597398036986,0.350319157226414,0.697782762203885,0.250990554244101,0.515738469751198,-1.97464120094604,1.36298257912252,-1.1312630731551,-0.0536320726619254,0.616074946521447,0.278753786866708,-0.36557385852126,-0.725448866103998,0.755057326289385,-0.229864060367315,1.13959633903653,0.20744814657218,0.222103004426084,0.875651356442187,-0.0468086469328916,1.13094018425097,-0.515457087246305,0.429336316810339,0.357032617034525,0.214002232295484,6.02,0,1.0
2025-04-24T22:56:02.703135,10992.0,1.20887254696498,-0.228873527818627,0.516675722772037,0.225931156111511,-0.575962001721846,-0.218116412778859,-0.431631022582146,-0.0037337884617611,1.95150068111518,-0.546893937406692,1.50745205435196,-1.88339263275129,0.739229853663239,1.54860489426099,-1.62442707701002,-0.061791210140772,0.59906088637943,0.264199540551436,0.670910217522975,-0.125625921836237,-0.234264453889197,-0.294811135515653,-0.107318808558676,0.0162085911949086,0.399850960465667,1.07737654587134,-0.106665164655864,-0.0186768984756343,24.35,0,1.0
2025-04-24T22:56:05.794702,128107.0,1.60846104384209,-2.62705086021846,-0.16530766079143,-1.51875224552042,-1.58086493947873,1.7592327445911,-1.98413828776965,0.498445062000818,-0.577531633647397,1.20058801228356,-0.373234940601026,-0.126168223053205,1.50008183843117,-1.06153959547643,1.28636492644768,-0.735963760693792,0.952067759670644,-0.76233029451022,-1.77261031452426,0.083857032296869,0.303861791492332,0.983745451913837,0.158487852695131,-0.321382771082916,-0.798709784003383,-0.0521953434005235,0.087329998009548,0.0147695742212214,267.0,0,1.0
2025-04-24T22:56:08.915705,149013.0,2.10810835323772,-0.207739554465833,-3.38606713157333,-0.72076022314783,2.90533911366884,2.93217117644692,0.0547956109888952,0.562129039557497,0.0176542173600372,0.190506876288491,-0.0790885090983565,0.232613528169,-0.366429805860095,0.797040322609015,0.0859603684609684,-0.72184722164154,-0.169346324961285,-0.895392637621406,0.0021275971696166,-0.174293455033131,0.0952483103052246,0.367526357431716,0.0105351958837573,0.78418450070872,0.412943943821557,0.734474936337659,-0.0939989836139304,-0.0919453792934968,0.76,0,1.0
2025-04-24T22:56:12.025377,34968.0,0.956302921019885,-1.31374432537673,0.772595717139339,-0.543010746821465,-1.72815249254071,-0.56867385795368,-0.799410590099571,0.0562721593190337,-0.630951081024532,0.707780872534463,1.42573613028166,-0.421274621039748,-0.980187024612815,0.121059556960454,0.420624533389783,1.63139606402938,0.0148588451809265,-0.585879547922474,0.569422333351185,0.399536911298016,0.289520299343437,0.22656151266772,-0.0968658122045467,0.529415640296138,0.101226895741331,-0.3447663408968,-0.0167403651218365,0.0497076966639758,200.74,0,1.0
2025-04-24T22:56:15.115931,64425.0,-0.376499142651879,1.08295860562742,1.37064213334199,-0.155421978664288,0.229366782672237,-0.596986667879486,0.739613507476626,-0.0721112910079268,-0.461118765463804,-0.330587618180714,-0.732483240913107,0.136521794903746,0.777708199644733,-0.0190118172267319,0.812061059174077,0.312790257590155,-0.611986887461739,-0.270832896072013,0.197207512322698,0.154777545261539,-0.253314936350228,-0.632364916812872,-0.0919755581592644,-0.115849854794535,-0.105353203895258,0.0999270065192063,0.269040615912168,0.117328996981652,2.69,0,1.0
2025-04-24T22:56:18.179829,155746.0,-2.59409648105689,2.82855858741376,-1.47273649077128,0.983246243216248,0.549192213106318,-0.492634182893744,0.611903558525091,0.761500545218761,-1.21551178371859,-0.787518500893199,-0.83494940355145,0.573912799081631,1.15150042022458,-0.631156069265934,-0.0899494606870685,-0.426142396788096,1.75256929960348,0.258159533607054,0.739396140027285,-0.275844407784918,0.123989619450253,0.0727794908609218,-0.395477882294688,0.530478831559033,1.26085577819163,-0.274952493977763,-0.972956616729454,-0.0461312945929406,28.54,0,1.0
2025-04-24T22:56:21.262270,160341.0,1.57267259427625,-1.67645246212812,-1.91032250668911,-0.348354497443323,-0.395544077703987,-0.0451356302233154,-0.0548507404925487,-0.154989612786756,-0.488214416434217,0.822050654559375,0.0800158553289414,0.243146708838864,-0.0954769238495065,0.525131077717259,-0.164189896098394,-1.35700317325358,-0.605675611681846,2.17572842652342,-0.566786858188102,0.0105929076563911,0.142617016906615,0.294374551351486,-0.282289868417525,0.205652326462163,0.148174520214013,-0.0708919737560553,-0.0581650225019855,-0.0091400697811933,316.0,0,1.0
2025-04-24T22:56:24.359698,140941.0,0.111521074596074,-1.05852388428171,1.10054669576112,-2.47042686952893,-0.745160298700721,2.32078832798622,-1.31380116739381,0.753299691095146,-1.47078198296251,1.03155539491513,1.09641556434197,-0.0329617323846628,0.519343177115167,-0.759536757651055,0.27500400965421,-1.25089314237934,1.18825482737329,-0.886724385269811,-1.20562873525779,-0.475537403908634,0.128307927752201,1.00461244917829,0.288133740573811,-1.71076854324526,-1.49048489899515,-0.183174039575297,0.165769732060581,0.092439919592383,54.0,0,1.0
2025-04-24T22:56:27.450257,140078.0,-0.213600192471438,0.505644920363347,-1.40295243982483,-0.164118622217179,0.69651226483122,0.888328127474333,0.703898405204811,0.700961619222464,-0.130699134594165,-1.42404292560081,0.0664950809221587,-0.104070310547802,-0.602985663937746,-0.27389112785739,1.82341804198786,-0.957243470658725,1.76171040675641,-1.05230037477298,-1.77826215706137,-0.0995201204763722,0.515643065496186,1.35631046469759,0.364011744883211,-1.56187448858224,-0.52570134421143,-0.0167451543552639,-0.0514847173346225,-0.0537815351677994,154.0,0,1.0
2025-04-24T22:56:30.536944,124654.0,-1.70229957122552,-0.198159166184953,0.967711371291397,-0.580698023141645,0.19328768130253,0.217161494366437,0.786708474253576,-0.507948458622917,0.906874480629878,0.0870938082393565,-1.07498690905682,0.187335361260181,1.01173569145465,-1.03377466887997,0.0823869956237265,0.268941142801958,-0.905056328417294,0.112181087911836,-0.220229777345525,-0.419956637027467,0.178958709650206,1.02206563672629,-0.275097390175032,0.693141689659914,-0.356485254387875,0.455646860175639,-1.00661223386797,0.662403911450406,129.9,0,1.0
2025-04-24T22:56:33.627013,125948.0,-0.964286149231028,0.990024259812347,0.205617030232825,0.994713662241078,2.15762300155664,-0.441363471173356,1.34744678521889,-0.306673459289941,-1.17925603553945,-0.509916200558471,1.29542120742252,0.256642350249609,-0.16093050229344,-1.11066964511296,-0.595237286610359,-0.628771154411613,1.06438334531313,0.754370775063407,1.00370453629789,0.226437319505371,0.0092091910313653,0.181497312781575,-0.55750389457324,0.607036738037487,1.0961886794936,-0.279514137995667,-0.28692606588932,-0.0380525584533996,15.48,0,1.0
2025-04-24T22:56:36.728058,133280.0,-2.39772959799951,3.10868371042141,-2.71176370431136,1.73842440646425,2.93675396356069,4.8162039814437,-1.30964165529268,-3.38502649624174,-1.80077478219628,1.72239393735178,-0.687953422583391,-0.11920151628302,-0.376946483738871,1.23326595745512,-0.478220287592754,0.565841608500104,-0.240369838121119,-0.471000595203657,-1.44142594197671,-1.40922412224194,4.77727451526951,-1.38720225116252,0.83529944357004,0.573090848445603,-0.360902607154074,-0.10162990800065,-0.629276674507051,-0.212966810627798,14.12,0,1.0
2025-04-24T22:56:39.799935,83864.0,-0.646033025827949,1.10377213555366,1.12351856464384,-0.387078153707562,0.329978362042149,-0.119940911302859,0.576879353731086,0.148317377147691,-0.389215529894402,0.167549014014201,0.562885679217929,0.311429743242622,-0.0265465061565394,0.242611339720212,0.238398335241843,0.623029625439476,-0.947406390017081,0.412496128277164,0.585742348597579,0.2580830829664,-0.262108592790282,-0.666816998804096,-0.112511298897579,-0.523364651197085,-0.0632605036988172,0.110333414384014,0.366076846026225,0.16626717684085,8.9,0,1.0
2025-04-24T22:56:42.922390,78930.0,-0.401625547713725,1.07062227540372,1.16149633507476,-0.187196882716978,0.482214980937521,0.0163389224260107,0.569183375213334,0.198724194264575,-0.727811317531253,-0.404724237709181,1.51780413453371,0.906801894968792,0.674040844481844,-0.3442498482665,0.402987849303308,0.35404364878157,-0.117795548479977,-0.0591294708876388,-0.040422120889879,0.142144893948581,-0.199194438914742,-0.473172607268234,-0.0455146453399906,-0.342996600372057,-0.199349069087685,0.102444966819802,0.261842544006966,0.0826182330935738,3.57,0,1.0
2025-04-24T22:56:46.003068,56147.0,-0.441881904798962,0.369496817828989,2.61159899915746,0.116179707480508,0.445238251740853,-0.334021958677389,0.912084320423528,-0.94657744731881,1.00822672742716,0.471676255464878,-0.315382653118903,0.458497528217425,1.08657620292464,-1.56953265163156,-0.0719712095451524,0.0447740762163236,-1.20137817681675,-0.180514662876313,-0.959146814659612,-0.0234242574082165,-0.10607759033385,0.509577100931918,-0.333630387885708,0.421609833680889,-0.460699185094991,-0.792378213206798,-0.847128338770364,-0.847129383905358,15.43,0,1.0
2025-04-24T22:56:49.087847,38182.0,0.979677418471815,0.213228075540491,0.512877693564294,2.51247537527773,-0.166544133442922,-0.113063729217521,0.140918097990042,0.0622214533943495,-0.597997899730348,0.637619871001955,-0.500368569198497,-0.686637190813678,-1.31090829833353,0.63830828088862,0.915305785261178,0.483192280495159,-0.264556433294631,-0.729116776280656,-1.30084263732291,-0.0939033548705139,-0.133129905615141,-0.679874143831563,0.065340201619164,0.0071339118736069,0.187596493346051,-0.173647579353412,-0.020952152810512,0.0344300348222577,90.52,0,1.0
2025-04-24T22:56:52.205420,58519.0,0.375171601199294,-1.55729984292516,0.52910293561229,1.71349790023257,-0.940502552453658,1.14394849397773,-0.312046267778922,0.286922495321252,1.30218650689481,-0.436010636807064,-1.80235897737622,-0.0398910736621359,-0.676604522596884,-0.430897229522899,-0.2599531609318,-0.241947610181729,0.0592394106916489,-0.0089938574765041,-0.29241767217577,0.607166956095383,0.314757465760966,0.374262112080606,-0.596927967111791,-0.717405348640371,0.552688053423082,-0.0730368332230292,0.0157267620430967,0.0883129092847442,409.7,0,1.0
2025-04-24T22:56:55.292609,48741.0,1.27790752504591,0.117365979802894,-0.366238497316924,0.765854386341532,0.42967512499109,0.26536017828093,0.0045081400090313,0.0929633742464221,0.342175965934213,0.0200806393412777,-1.72639111737373,-1.13131578564713,-1.54906798183901,0.688979047714093,1.46982461519661,0.249216869471749,-0.554843063103419,0.0757302357681091,-0.192940853926164,-0.222353059803752,-0.0508714082157142,-0.167580568974029,-0.230575815575386,-1.36389107975254,0.737695330672809,-0.207083303281229,0.0147837828954788,0.0007990388949293,15.0,0,1.0
2025-04-24T22:56:58.382879,162799.0,1.9413481755007,-0.130673645761425,-2.03226130314896,0.0250364171437377,1.22693569823204,1.17196469945116,-0.235822383162077,0.426181796935357,0.421612429050573,-0.311106598825961,1.10183523662502,0.34347822705184,-1.02747434540016,-0.388185905268039,0.42369693460824,-0.152676598051609,0.913151608672559,-0.851164342851633,-0.515118314818891,-0.288819440638214,-0.279492596666594,-0.679281536213586,0.357278931507627,-1.06783232398704,-0.466494403834617,0.283410427587773,-0.0243546956396327,-0.0590367365858306,1.98,0,1.0
2025-04-24T22:57:01.458955,66461.0,-1.67880615075905,0.773057176890542,2.35525078858691,-2.01023404494755,-1.07734052975193,-0.528038414384996,0.0220110556580045,-0.173909238842717,0.740416959919713,1.91214721124586,-0.635135624520848,-1.54521755559002,-1.20285234965349,-1.39402365844833,0.0446624693956071,1.12935209861729,-0.0785808230204849,-1.09512682727478,-0.113607509066587,0.897453925577586,-0.118219505673003,0.371131918124915,-0.326129126341487,0.346218344662962,0.571332557161152,-0.297585712761764,0.494728288215624,0.0181711431812209,10.0,0,1.0
2025-04-24T22:57:04.560229,65345.0,1.18860280763307,0.135141309723359,0.597975812818421,0.565232287623316,-0.587187173225152,-0.797991140273119,-0.0711052657574092,-0.0366345817555217,-0.131315856177435,0.118541789639649,1.55513753060762,0.780820026543936,-0.452565455850459,0.578835962542537,0.388500249389825,0.470979439697299,-0.562190661350186,-0.0326069532385904,0.095655009818692,-0.11569772617346,-0.195399078855273,-0.651218849050732,0.150734530809476,0.512968488027429,0.135489969040479,0.0658707070742656,-0.0382061829148545,0.0107741124697927,8.99,0,1.0
2025-04-24T22:57:07.657637,55404.0,1.0724801418984,-0.210018725912291,1.49405792816714,1.16992959145891,-1.14568446050444,0.329063413992264,-1.06507989923455,0.49468439875612,0.691685315631816,0.186829946174318,1.24106932403587,-0.137768082356543,-2.05496222237294,0.494097345547443,1.3113349138262,0.748231672514925,-0.557152823713762,0.834127562896581,-0.972364054348946,-0.28867502680802,0.315077377089446,0.880459798339241,0.0075043127874809,0.171932090174015,0.162566210019106,-0.230671583055004,0.0758716259794352,0.026111635354206,0.01,0,1.0
2025-04-24T22:57:10.727738,127115.0,1.92291141798076,-0.0111543175339888,-2.1426211174139,0.344990760019503,0.5358770270619,-1.65021942064207,1.06407917295911,-0.686031956269546,0.0796967911612174,-0.125670650725319,-0.391605017052165,0.999667103706936,1.10366598500172,0.650021011912631,0.343937746210989,-0.892610554771987,-0.299453667085947,-0.604467577111903,-0.0653674876119103,-0.0078082929170658,0.252477501639431,0.748885196153415,-0.168864192754241,0.0533011051556042,0.579948875858884,-0.426944891302473,-0.0421492120384441,-0.0508743808043137,99.0,0,1.0
